    week,vpn,online safety act,age verification,ofcom,encryption,facial recognition,nordvpn,expressvpn,surfshark,mullvad
2021-10-24,15,0,0,1,2,0.0,1.0,1.0,1.0,0.0
2021-10-31,16,0,0,2,2,0.0,2.0,1.0,1.0,0.0
2021-11-07,15,0,0,2,2,0.0,1.0,1.0,1.0,0.0
2021-11-14,15,0,0,2,2,0.0,2.0,1.0,1.0,0.0
2021-11-21,16,0,0,2,2,0.0,2.0,1.0,1.0,0.0
2021-11-28,15,0,0,2,2,0.0,2.0,1.0,1.0,0.0
2021-12-05,16,0,0,2,2,0.0,1.0,1.0,1.0,0.0
2021-12-12,16,0,0,2,2,0.0,2.0,1.0,1.0,0.0
2021-12-19,16,0,0,1,2,0.0,2.0,1.0,1.0,0.0
2021-12-26,16,0,0,1,1,0.0,2.0,1.0,2.0,0.0
2022-01-02,17,0,0,2,2,0.0,2.0,1.0,1.0,0.0
2022-01-09,19,0,0,2,3,0.0,2.0,1.0,1.0,0.0
2022-01-16,18,0,0,2,3,0.0,2.0,1.0,1.0,0.0
2022-01-23,18,0,0,2,3,0.0,2.0,1.0,1.0,0.0
2022-01-30,18,0,0,2,3,0.0,2.0,1.0,1.0,0.0
2022-02-06,19,0,1,2,3,0.0,3.0,1.0,1.0,0.0
2022-02-13,21,0,0,2,2,1.0,2.0,1.0,2.0,0.0
2022-02-20,20,0,0,2,2,0.0,2.0,1.0,2.0,0.0
2022-02-27,21,0,0,2,3,0.0,3.0,1.0,2.0,0.0
2022-03-06,21,0,0,2,3,1.0,4.0,1.0,1.0,0.0
2022-03-13,23,0,0,2,3,1.0,3.0,1.0,2.0,0.0
2022-03-20,21,0,0,2,3,1.0,3.0,1.0,2.0,0.0
2022-03-27,22,0,0,2,3,0.0,3.0,1.0,2.0,0.0
2022-04-03,22,0,0,2,3,0.0,3.0,1.0,2.0,0.0
2022-04-10,19,0,0,2,2,0.0,3.0,1.0,2.0,0.0
2022-04-17,22,0,0,2,2,0.0,3.0,1.0,2.0,0.0
2022-04-24,21,0,0,2,3,1.0,3.0,1.0,2.0,0.0
2022-05-01,22,0,0,2,2,1.0,2.0,1.0,2.0,0.0
2022-05-08,19,0,0,2,3,1.0,2.0,1.0,1.0,0.0
2022-05-15,17,0,0,2,3,0.0,2.0,1.0,1.0,0.0
2022-05-22,17,0,0,2,2,0.0,2.0,1.0,1.0,0.0
2022-05-29,17,0,0,1,2,0.0,2.0,1.0,1.0,0.0
2022-06-05,18,0,0,2,2,0.0,2.0,1.0,2.0,0.0
2022-06-12,18,0,0,2,2,0.0,2.0,1.0,1.0,0.0
2022-06-19,17,0,0,2,2,0.0,2.0,1.0,1.0,0.0
2022-06-26,17,0,0,2,2,0.0,2.0,1.0,1.0,0.0
2022-07-03,18,0,0,2,2,0.0,2.0,1.0,1.0,0.0
2022-07-10,19,0,0,2,2,1.0,2.0,1.0,1.0,0.0
2022-07-17,19,0,0,3,2,0.0,2.0,1.0,1.0,0.0
2022-07-24,19,0,0,2,2,0.0,3.0,1.0,2.0,0.0
2022-07-31,20,0,0,2,2,0.0,3.0,1.0,2.0,0.0
2022-08-07,19,0,0,2,2,0.0,3.0,1.0,2.0,0.0
2022-08-14,22,0,0,2,2,0.0,3.0,1.0,2.0,0.0
2022-08-21,23,0,0,2,2,0.0,3.0,1.0,2.0,0.0
2022-08-28,23,0,0,1,2,0.0,3.0,1.0,2.0,0.0
2022-09-04,19,0,0,2,2,0.0,3.0,1.0,2.0,0.0
2022-09-11,23,0,0,1,2,0.0,3.0,1.0,2.0,0.0
2022-09-18,22,0,0,2,2,0.0,3.0,1.0,2.0,0.0
2022-09-25,25,0,0,2,2,1.0,2.0,1.0,2.0,0.0
2022-10-02,25,0,0,2,2,0.0,3.0,1.0,2.0,0.0
2022-10-09,22,0,0,2,2,0.0,3.0,1.0,2.0,0.0
2022-10-16,24,0,0,2,3,0.0,2.0,1.0,2.0,0.0
2022-10-23,22,0,0,2,2,1.0,2.0,1.0,2.0,0.0
2022-10-30,21,0,0,2,2,1.0,2.0,1.0,2.0,0.0
2022-11-06,20,0,0,2,3,0.0,3.0,1.0,2.0,0.0
2022-11-13,19,0,0,3,3,0.0,2.0,1.0,2.0,0.0
2022-11-20,19,0,0,2,2,0.0,3.0,1.0,2.0,0.0
2022-11-27,20,0,0,2,3,0.0,2.0,1.0,2.0,0.0
2022-12-04,18,0,0,2,3,0.0,2.0,1.0,1.0,0.0
2022-12-11,19,0,0,2,2,1.0,2.0,1.0,1.0,0.0
2022-12-18,18,0,0,2,2,0.0,2.0,1.0,1.0,0.0
2022-12-25,19,0,0,1,1,0.0,3.0,1.0,2.0,0.0
2023-01-01,21,0,0,1,2,0.0,3.0,1.0,2.0,0.0
2023-01-08,23,0,0,2,3,1.0,3.0,1.0,2.0,0.0
2023-01-15,25,0,0,2,3,1.0,3.0,1.0,2.0,0.0
2023-01-22,22,0,0,2,2,1.0,3.0,1.0,2.0,0.0
2023-01-29,22,0,0,2,2,0.0,3.0,1.0,2.0,0.0
2023-02-05,21,0,0,2,3,0.0,3.0,1.0,2.0,0.0
2023-02-12,21,0,0,2,2,0.0,3.0,1.0,2.0,0.0
2023-02-19,23,0,0,2,2,0.0,3.0,1.0,2.0,0.0
2023-02-26,22,0,0,2,3,0.0,3.0,1.0,2.0,0.0
2023-03-05,20,0,0,2,3,0.0,3.0,1.0,2.0,0.0
2023-03-12,20,0,0,2,3,0.0,3.0,1.0,2.0,0.0
2023-03-19,19,0,0,2,2,1.0,2.0,1.0,2.0,0.0
2023-03-26,21,0,0,2,3,0.0,3.0,1.0,2.0,0.0
2023-04-02,20,0,0,2,2,0.0,3.0,1.0,2.0,0.0
2023-04-09,20,0,0,2,2,0.0,3.0,1.0,2.0,0.0
2023-04-16,19,0,0,2,3,1.0,2.0,1.0,1.0,0.0
2023-04-23,20,0,0,3,3,0.0,2.0,1.0,1.0,0.0
2023-04-30,19,0,0,2,2,1.0,2.0,1.0,1.0,0.0
2023-05-07,19,0,0,4,2,1.0,2.0,1.0,1.0,0.0
2023-05-14,18,0,0,2,3,1.0,2.0,1.0,1.0,0.0
2023-05-21,19,0,0,2,3,0.0,2.0,1.0,1.0,0.0
2023-05-28,19,0,0,2,2,0.0,2.0,1.0,1.0,0.0
2023-06-04,16,0,0,2,2,0.0,2.0,1.0,1.0,0.0
2023-06-11,17,0,0,2,2,0.0,2.0,1.0,1.0,0.0
2023-06-18,16,0,0,2,2,0.0,2.0,1.0,1.0,0.0
2023-06-25,17,0,0,2,2,0.0,2.0,1.0,1.0,0.0
2023-07-02,19,0,0,2,2,1.0,2.0,1.0,1.0,0.0
2023-07-09,18,0,0,2,2,0.0,2.0,1.0,1.0,0.0
2023-07-16,19,0,0,2,2,0.0,2.0,1.0,2.0,0.0
2023-07-23,20,0,0,2,2,0.0,2.0,1.0,1.0,0.0
2023-07-30,19,0,0,2,2,0.0,2.0,1.0,2.0,0.0
2023-08-06,20,0,0,2,2,0.0,3.0,1.0,2.0,0.0
2023-08-13,21,0,0,2,2,0.0,3.0,1.0,2.0,0.0
2023-08-20,21,0,0,2,2,0.0,2.0,1.0,2.0,0.0
2023-08-27,21,0,0,2,2,0.0,3.0,1.0,2.0,0.0
2023-09-03,20,0,0,2,2,0.0,2.0,1.0,2.0,0.0
2023-09-10,19,0,0,2,2,0.0,2.0,1.0,1.0,0.0
2023-09-17,22,0,0,2,3,1.0,3.0,1.0,2.0,0.0
2023-09-24,20,0,0,3,2,0.0,2.0,1.0,1.0,0.0
2023-10-01,20,0,0,2,2,1.0,2.0,1.0,2.0,0.0
2023-10-08,20,0,0,2,3,1.0,2.0,1.0,1.0,0.0
2023-10-15,19,0,0,3,3,1.0,2.0,1.0,2.0,0.0
2023-10-22,21,0,0,2,3,1.0,2.0,1.0,2.0,0.0
2023-10-29,23,0,0,2,2,1.0,2.0,1.0,2.0,0.0
2023-11-05,20,0,0,2,3,1.0,2.0,1.0,2.0,0.0
2023-11-12,19,0,0,2,3,1.0,3.0,1.0,2.0,0.0
2023-11-19,20,0,0,2,3,1.0,3.0,1.0,2.0,0.0
2023-11-26,19,0,0,2,3,1.0,3.0,1.0,2.0,0.0
2023-12-03,19,0,0,2,3,1.0,2.0,1.0,2.0,0.0
2023-12-10,19,0,0,2,2,1.0,2.0,1.0,1.0,0.0
2023-12-17,19,0,0,2,2,1.0,3.0,1.0,2.0,0.0
2023-12-24,19,0,0,1,1,0.0,3.0,1.0,2.0,0.0
2023-12-31,19,0,0,2,2,2.0,2.0,1.0,2.0,0.0
2024-01-07,19,0,0,3,3,1.0,3.0,1.0,1.0,0.0
2024-01-14,19,0,0,2,2,0.0,2.0,1.0,2.0,0.0
2024-01-21,18,0,0,3,3,1.0,2.0,1.0,1.0,0.0
2024-01-28,20,0,0,2,3,1.0,3.0,1.0,2.0,0.0
2024-02-04,21,0,0,3,3,1.0,3.0,1.0,2.0,0.0
2024-02-11,20,0,0,2,3,1.0,2.0,0.0,2.0,0.0
2024-02-18,18,0,0,3,3,1.0,2.0,1.0,2.0,0.0
2024-02-25,20,0,0,2,3,1.0,3.0,1.0,2.0,0.0
2024-03-03,21,0,0,2,3,1.0,3.0,0.0,2.0,0.0
2024-03-10,21,0,0,2,3,1.0,2.0,1.0,2.0,0.0
2024-03-17,21,0,0,3,3,1.0,2.0,1.0,2.0,0.0
2024-03-24,19,0,0,2,3,1.0,3.0,1.0,2.0,0.0
2024-03-31,19,0,0,2,2,1.0,3.0,1.0,2.0,0.0
2024-04-07,20,0,0,2,2,1.0,3.0,1.0,2.0,0.0
2024-04-14,21,0,0,2,3,1.0,2.0,1.0,1.0,0.0
2024-04-21,19,0,0,2,3,1.0,3.0,1.0,1.0,0.0
2024-04-28,19,0,0,2,3,0.0,2.0,0.0,2.0,0.0
2024-05-05,19,0,0,2,3,1.0,2.0,0.0,1.0,0.0
2024-05-12,19,0,0,2,3,1.0,2.0,1.0,2.0,0.0
2024-05-19,19,0,0,3,3,0.0,2.0,1.0,1.0,0.0
2024-05-26,18,0,0,2,2,1.0,3.0,1.0,2.0,0.0
2024-06-02,18,0,0,2,3,1.0,2.0,1.0,1.0,0.0
2024-06-09,18,0,0,2,3,1.0,2.0,0.0,1.0,0.0
2024-06-16,20,0,0,2,3,0.0,2.0,1.0,2.0,0.0
2024-06-23,19,0,0,2,3,0.0,2.0,0.0,1.0,0.0
2024-06-30,17,0,0,2,2,0.0,2.0,0.0,1.0,0.0
2024-07-07,18,0,0,2,3,0.0,2.0,0.0,1.0,0.0
2024-07-14,18,0,0,2,2,0.0,2.0,0.0,1.0,0.0
2024-07-21,21,0,0,2,2,0.0,2.0,1.0,2.0,0.0
2024-07-28,20,0,0,2,2,1.0,3.0,1.0,2.0,0.0
2024-08-04,20,0,0,3,2,1.0,3.0,0.0,2.0,0.0
2024-08-11,21,0,0,2,2,1.0,3.0,0.0,2.0,0.0
2024-08-18,21,0,0,2,2,0.0,3.0,1.0,2.0,0.0
2024-08-25,21,0,0,2,2,1.0,3.0,0.0,2.0,0.0
2024-09-01,20,1,0,2,2,1.0,2.0,1.0,2.0,0.0
2024-09-08,20,1,0,2,2,1.0,2.0,0.0,2.0,0.0
2024-09-15,24,0,0,2,3,0.0,3.0,1.0,2.0,0.0
2024-09-22,23,0,0,2,2,1.0,3.0,0.0,2.0,0.0
2024-09-29,23,0,0,2,2,1.0,3.0,1.0,2.0,0.0
2024-10-06,23,0,0,2,3,1.0,2.0,0.0,2.0,0.0
2024-10-13,21,0,0,2,3,1.0,2.0,0.0,2.0,0.0
2024-10-20,22,0,0,2,3,1.0,3.0,0.0,2.0,0.0
2024-10-27,21,0,0,2,3,1.0,3.0,1.0,2.0,0.0
2024-11-03,20,0,0,2,3,1.0,3.0,0.0,2.0,0.0
2024-11-10,21,0,0,2,3,1.0,3.0,1.0,2.0,0.0
2024-11-17,20,0,0,2,3,1.0,3.0,1.0,2.0,0.0
2024-11-24,21,0,0,2,2,1.0,3.0,1.0,2.0,0.0
2024-12-01,22,0,0,2,3,1.0,3.0,1.0,2.0,0.0
2024-12-08,21,0,0,2,3,1.0,3.0,1.0,2.0,0.0
2024-12-15,20,1,0,3,2,1.0,3.0,1.0,2.0,0.0
2024-12-22,22,0,1,1,1,0.0,3.0,1.0,2.0,0.0
2024-12-29,20,0,0,1,2,0.0,3.0,1.0,2.0,0.0
2025-01-05,20,1,0,2,2,0.0,3.0,1.0,2.0,0.0
2025-01-12,23,1,0,2,3,1.0,3.0,1.0,2.0,0.0
2025-01-19,24,0,0,2,3,1.0,3.0,1.0,2.0,0.0
2025-01-26,21,0,0,3,3,1.0,3.0,1.0,2.0,0.0
2025-02-02,19,0,0,3,3,1.0,3.0,0.0,1.0,0.0
2025-02-09,21,1,0,3,3,1.0,3.0,1.0,1.0,0.0
2025-02-16,20,0,0,3,4,1.0,3.0,0.0,1.0,0.0
2025-02-23,22,0,0,3,4,1.0,3.0,1.0,2.0,0.0
2025-03-02,20,0,0,3,3,1.0,3.0,0.0,2.0,0.0
2025-03-09,20,0,0,2,3,1.0,3.0,1.0,2.0,0.0
2025-03-16,20,1,0,3,3,1.0,3.0,1.0,2.0,0.0
2025-03-23,20,1,0,2,3,1.0,3.0,1.0,2.0,0.0
2025-03-30,19,1,0,2,3,1.0,2.0,0.0,2.0,0.0
2025-04-06,19,0,0,2,2,1.0,2.0,0.0,1.0,0.0
2025-04-13,22,0,1,2,2,1.0,3.0,0.0,2.0,0.0
2025-04-20,21,1,0,2,2,1.0,3.0,1.0,2.0,0.0
2025-04-27,17,1,0,3,2,1.0,2.0,0.0,1.0,0.0
2025-05-04,18,0,1,2,2,1.0,3.0,0.0,1.0,1.0
2025-05-11,19,0,0,2,3,1.0,3.0,0.0,1.0,1.0
2025-05-18,20,0,0,2,2,1.0,2.0,0.0,1.0,0.0
2025-05-25,20,0,0,2,2,1.0,3.0,0.0,2.0,1.0
2025-06-01,19,0,1,2,2,1.0,2.0,0.0,2.0,0.0
2025-06-08,20,0,1,2,3,1.0,3.0,0.0,1.0,0.0
2025-06-15,20,0,0,2,3,1.0,3.0,0.0,2.0,0.0
2025-06-22,21,0,1,2,2,1.0,3.0,0.0,2.0,0.0
2025-06-29,19,0,1,3,2,1.0,3.0,0.0,1.0,0.0
2025-07-06,19,0,1,2,2,1.0,3.0,0.0,2.0,0.0
2025-07-13,21,1,2,2,2,1.0,4.0,1.0,2.0,1.0
2025-07-20,53,12,23,4,2,1.0,8.0,1.0,3.0,2.0
2025-07-27,100,30,33,4,2,1.0,12.0,1.0,5.0,3.0
2025-08-03,56,7,12,3,2,1.0,8.0,1.0,3.0,1.0
2025-08-10,43,4,7,2,2,1.0,6.0,1.0,3.0,1.0
2025-08-17,42,3,5,2,2,1.0,6.0,1.0,3.0,1.0
2025-08-24,37,2,6,2,2,1.0,5.0,1.0,3.0,1.0
2025-08-31,37,3,5,2,2,1.0,5.0,1.0,3.0,1.0
2025-09-07,33,2,4,3,2,1.0,5.0,1.0,4.0,1.0
2025-09-14,32,1,4,2,2,1.0,4.0,1.0,3.0,1.0
2025-09-21,32,1,3,2,2,1.0,4.0,1.0,2.0,1.0
2025-09-28,32,1,3,2,2,1.0,4.0,1.0,2.0,1.0
2025-10-05,30,1,3,3,2,1.0,4.0,1.0,2.0,1.0
2025-10-12,29,1,4,3,3,1.0,4.0,0.0,2.0,1.0
2025-10-19,30,1,3,2,2,1.0,3.0,0.0,2.0,1.0
2025-10-26,31,1,4,3,2,1.0,4.0,1.0,3.0,1.0
