week,vpn_us,online safety act_us,age verification_us,ofcom_us,encryption_us,facial recognition_us,nordvpn_us,expressvpn_us,surfshark_us,mullvad_us
2021-10-24,48,0,0,0,6,1.0,4.0,2.0,1.0,0.0
2021-10-31,45,0,0,0,6,2.0,4.0,1.0,1.0,0.0
2021-11-07,48,0,0,0,6,1.0,4.0,2.0,1.0,0.0
2021-11-14,42,0,0,0,6,1.0,3.0,1.0,1.0,0.0
2021-11-21,37,0,0,0,4,1.0,4.0,2.0,1.0,0.0
2021-11-28,41,0,0,0,6,1.0,4.0,1.0,1.0,0.0
2021-12-05,38,0,0,0,6,1.0,3.0,1.0,1.0,0.0
2021-12-12,37,0,0,0,5,1.0,3.0,1.0,1.0,0.0
2021-12-19,35,0,0,0,4,1.0,3.0,1.0,1.0,0.0
2021-12-26,36,0,0,0,3,1.0,4.0,2.0,1.0,0.0
2022-01-02,43,0,0,0,5,1.0,5.0,2.0,1.0,0.0
2022-01-09,47,0,0,0,6,1.0,4.0,2.0,1.0,0.0
2022-01-16,43,0,0,0,6,2.0,4.0,2.0,2.0,0.0
2022-01-23,44,0,0,0,7,2.0,4.0,2.0,2.0,0.0
2022-01-30,45,0,0,0,7,2.0,4.0,2.0,1.0,0.0
2022-02-06,46,0,0,0,7,2.0,4.0,2.0,2.0,0.0
2022-02-13,44,0,0,0,8,2.0,4.0,2.0,2.0,0.0
2022-02-20,43,0,0,0,7,2.0,4.0,2.0,2.0,0.0
2022-02-27,45,0,0,0,7,1.0,5.0,2.0,2.0,0.0
2022-03-06,46,0,0,0,7,1.0,5.0,2.0,2.0,0.0
2022-03-13,47,0,0,0,7,1.0,5.0,2.0,2.0,0.0
2022-03-20,44,0,0,0,7,1.0,4.0,2.0,2.0,0.0
2022-03-27,45,0,0,0,7,1.0,5.0,2.0,2.0,0.0
2022-04-03,47,0,0,0,7,1.0,5.0,2.0,2.0,0.0
2022-04-10,47,0,0,0,7,2.0,5.0,2.0,2.0,0.0
2022-04-17,47,0,0,0,7,1.0,5.0,2.0,2.0,0.0
2022-04-24,42,0,0,0,7,1.0,4.0,2.0,2.0,0.0
2022-05-01,41,0,0,0,7,1.0,4.0,2.0,2.0,0.0
2022-05-08,43,0,0,0,7,2.0,4.0,2.0,2.0,0.0
2022-05-15,42,0,0,0,7,2.0,4.0,2.0,2.0,0.0
2022-05-22,41,0,0,0,6,2.0,4.0,2.0,2.0,0.0
2022-05-29,40,0,0,0,5,1.0,4.0,2.0,2.0,0.0
2022-06-05,41,0,0,0,6,1.0,4.0,2.0,2.0,0.0
2022-06-12,40,0,0,0,6,1.0,4.0,2.0,2.0,0.0
2022-06-19,42,0,0,0,6,1.0,4.0,2.0,2.0,0.0
2022-06-26,43,0,0,0,6,1.0,4.0,2.0,2.0,1.0
2022-07-03,43,0,0,0,5,1.0,4.0,2.0,2.0,0.0
2022-07-10,42,0,0,0,6,1.0,4.0,2.0,2.0,1.0
2022-07-17,44,0,0,0,6,1.0,4.0,2.0,2.0,0.0
2022-07-24,41,0,0,0,6,1.0,4.0,2.0,2.0,1.0
2022-07-31,42,0,0,0,6,1.0,4.0,2.0,2.0,0.0
2022-08-07,45,0,0,0,7,1.0,4.0,2.0,2.0,1.0
2022-08-14,46,0,0,0,6,1.0,4.0,2.0,2.0,1.0
2022-08-21,48,0,0,0,6,1.0,4.0,2.0,2.0,0.0
2022-08-28,45,0,0,0,6,1.0,4.0,2.0,2.0,1.0
2022-09-04,44,0,0,0,6,1.0,4.0,2.0,2.0,0.0
2022-09-11,45,0,0,0,6,1.0,4.0,2.0,2.0,0.0
2022-09-18,48,0,0,0,6,1.0,4.0,2.0,2.0,0.0
2022-09-25,48,0,0,0,7,1.0,4.0,2.0,2.0,0.0
2022-10-02,50,0,0,0,7,1.0,4.0,2.0,1.0,0.0
2022-10-09,46,0,0,0,7,1.0,4.0,2.0,1.0,0.0
2022-10-16,48,0,0,0,7,1.0,4.0,2.0,2.0,0.0
2022-10-23,45,0,0,0,6,1.0,4.0,2.0,1.0,0.0
2022-10-30,44,0,0,0,7,1.0,4.0,2.0,1.0,0.0
2022-11-06,41,0,0,0,6,1.0,4.0,2.0,1.0,0.0
2022-11-13,44,0,0,0,7,1.0,4.0,2.0,2.0,1.0
2022-11-20,47,0,0,0,5,1.0,6.0,2.0,2.0,1.0
2022-11-27,47,0,0,0,7,1.0,5.0,2.0,2.0,1.0
2022-12-04,47,0,0,0,7,2.0,4.0,2.0,2.0,1.0
2022-12-11,48,0,0,0,7,1.0,4.0,2.0,1.0,0.0
2022-12-18,45,0,0,0,6,2.0,4.0,2.0,1.0,0.0
2022-12-25,41,0,0,0,4,1.0,5.0,2.0,2.0,1.0
2023-01-01,45,0,1,0,6,1.0,4.0,2.0,2.0,1.0
2023-01-08,48,0,0,0,7,1.0,5.0,2.0,2.0,1.0
2023-01-15,43,0,0,0,6,1.0,5.0,2.0,1.0,1.0
2023-01-22,46,0,0,0,7,2.0,4.0,2.0,2.0,1.0
2023-01-29,46,0,0,0,7,2.0,4.0,2.0,2.0,0.0
2023-02-05,44,0,0,0,7,1.0,5.0,2.0,2.0,1.0
2023-02-12,42,0,0,0,7,1.0,4.0,2.0,1.0,1.0
2023-02-19,42,0,0,0,7,2.0,4.0,2.0,1.0,1.0
2023-02-26,43,0,0,0,8,1.0,4.0,2.0,2.0,0.0
2023-03-05,43,0,0,0,7,2.0,4.0,2.0,1.0,1.0
2023-03-12,43,0,0,0,6,1.0,4.0,2.0,1.0,1.0
2023-03-19,43,0,0,0,7,2.0,4.0,2.0,2.0,1.0
2023-03-26,47,0,0,0,7,1.0,4.0,2.0,2.0,1.0
2023-04-02,45,0,0,0,7,1.0,4.0,2.0,2.0,1.0
2023-04-09,45,0,0,0,7,1.0,4.0,2.0,2.0,1.0
2023-04-16,46,0,0,0,7,2.0,4.0,2.0,1.0,1.0
2023-04-23,43,0,0,0,7,1.0,4.0,2.0,2.0,1.0
2023-04-30,43,0,1,0,8,1.0,3.0,2.0,2.0,1.0
2023-05-07,43,0,0,0,7,1.0,4.0,2.0,2.0,1.0
2023-05-14,46,0,0,0,7,1.0,3.0,2.0,1.0,1.0
2023-05-21,45,0,0,0,7,1.0,4.0,2.0,2.0,1.0
2023-05-28,44,0,0,0,6,1.0,4.0,2.0,2.0,1.0
2023-06-04,41,0,0,0,6,1.0,3.0,2.0,2.0,1.0
2023-06-11,43,0,0,0,6,1.0,4.0,2.0,2.0,1.0
2023-06-18,40,0,0,0,6,1.0,3.0,2.0,2.0,0.0
2023-06-25,43,0,1,0,6,1.0,4.0,2.0,2.0,1.0
2023-07-02,45,0,1,0,6,1.0,4.0,2.0,2.0,1.0
2023-07-09,44,0,1,0,6,1.0,4.0,1.0,2.0,1.0
2023-07-16,42,0,1,0,6,1.0,4.0,2.0,2.0,1.0
2023-07-23,47,1,1,0,6,1.0,4.0,2.0,2.0,1.0
2023-07-30,44,0,1,0,6,1.0,4.0,2.0,1.0,1.0
2023-08-06,43,0,1,0,6,2.0,4.0,2.0,2.0,1.0
2023-08-13,44,0,1,0,6,2.0,4.0,2.0,2.0,1.0
2023-08-20,48,1,0,0,6,1.0,3.0,2.0,2.0,1.0
2023-08-27,46,1,0,0,6,1.0,4.0,2.0,2.0,1.0
2023-09-03,46,1,0,0,6,1.0,4.0,2.0,2.0,1.0
2023-09-10,44,0,0,0,6,1.0,4.0,2.0,2.0,1.0
2023-09-17,44,0,0,0,7,1.0,4.0,2.0,2.0,1.0
2023-09-24,42,0,0,0,7,2.0,4.0,1.0,2.0,1.0
2023-10-01,42,0,0,0,7,1.0,3.0,1.0,1.0,0.0
2023-10-08,44,0,0,0,7,2.0,3.0,1.0,1.0,1.0
2023-10-15,44,0,0,0,7,1.0,4.0,1.0,2.0,1.0
2023-10-22,43,0,0,0,7,2.0,4.0,1.0,1.0,0.0
2023-10-29,43,0,0,0,7,1.0,3.0,1.0,2.0,1.0
2023-11-05,42,0,0,0,7,2.0,4.0,1.0,1.0,1.0
2023-11-12,42,0,0,0,7,1.0,4.0,1.0,1.0,1.0
2023-11-19,42,0,0,0,5,1.0,4.0,1.0,2.0,1.0
2023-11-26,43,0,0,0,7,2.0,4.0,1.0,2.0,1.0
2023-12-03,42,0,0,0,8,2.0,3.0,1.0,1.0,1.0
2023-12-10,39,0,0,0,7,1.0,4.0,1.0,1.0,1.0
2023-12-17,41,0,0,0,5,1.0,4.0,1.0,2.0,1.0
2023-12-24,41,0,1,0,4,1.0,4.0,1.0,2.0,1.0
2023-12-31,42,0,1,0,5,1.0,4.0,2.0,2.0,1.0
2024-01-07,45,0,1,0,6,1.0,4.0,1.0,2.0,1.0
2024-01-14,43,0,0,0,6,1.0,4.0,1.0,2.0,1.0
2024-01-21,45,0,0,0,7,2.0,4.0,1.0,2.0,1.0
2024-01-28,45,0,0,0,7,1.0,4.0,1.0,2.0,1.0
2024-02-04,44,0,0,0,8,1.0,4.0,1.0,2.0,1.0
2024-02-11,47,0,0,0,7,1.0,4.0,1.0,1.0,1.0
2024-02-18,46,0,0,0,7,2.0,4.0,1.0,2.0,1.0
2024-02-25,42,0,0,0,7,2.0,4.0,1.0,2.0,1.0
2024-03-03,43,0,0,0,8,2.0,4.0,1.0,2.0,1.0
2024-03-10,42,0,2,0,7,2.0,4.0,1.0,2.0,1.0
2024-03-17,46,0,1,0,8,2.0,4.0,1.0,2.0,1.0
2024-03-24,46,0,1,0,10,2.0,4.0,1.0,2.0,1.0
2024-03-31,43,0,1,0,9,1.0,4.0,1.0,2.0,1.0
2024-04-07,44,0,1,0,8,1.0,4.0,1.0,2.0,1.0
2024-04-14,44,0,1,0,9,1.0,4.0,1.0,2.0,1.0
2024-04-21,44,0,1,0,8,2.0,4.0,1.0,2.0,1.0
2024-04-28,42,0,1,0,8,2.0,3.0,1.0,2.0,1.0
2024-05-05,44,0,1,0,8,1.0,4.0,1.0,2.0,1.0
2024-05-12,40,0,0,0,7,1.0,4.0,1.0,1.0,1.0
2024-05-19,41,0,1,0,7,1.0,3.0,1.0,2.0,1.0
2024-05-26,42,0,1,0,6,1.0,3.0,1.0,2.0,1.0
2024-06-02,43,0,1,0,8,1.0,4.0,1.0,1.0,1.0
2024-06-09,43,0,1,0,9,1.0,4.0,1.0,1.0,1.0
2024-06-16,43,0,1,0,8,1.0,4.0,1.0,2.0,1.0
2024-06-23,45,0,1,0,8,1.0,4.0,1.0,2.0,1.0
2024-06-30,42,0,1,0,6,1.0,4.0,1.0,2.0,1.0
2024-07-07,40,0,1,0,7,1.0,4.0,1.0,2.0,1.0
2024-07-14,41,0,1,0,7,1.0,3.0,1.0,1.0,1.0
2024-07-21,43,0,1,0,7,1.0,4.0,1.0,2.0,1.0
2024-07-28,42,1,1,0,7,1.0,4.0,1.0,2.0,1.0
2024-08-04,44,0,1,0,6,2.0,3.0,1.0,2.0,1.0
2024-08-11,44,0,1,0,6,1.0,4.0,1.0,2.0,1.0
2024-08-18,46,0,1,0,7,1.0,4.0,1.0,2.0,1.0
2024-08-25,44,0,1,0,7,1.0,4.0,1.0,2.0,1.0
2024-09-01,47,0,0,0,6,1.0,4.0,1.0,2.0,1.0
2024-09-08,47,0,1,0,8,1.0,4.0,1.0,2.0,1.0
2024-09-15,44,0,1,0,8,1.0,4.0,1.0,2.0,1.0
2024-09-22,44,0,1,0,7,1.0,4.0,1.0,2.0,1.0
2024-09-29,45,0,1,0,7,1.0,4.0,1.0,2.0,1.0
2024-10-06,41,0,1,0,7,2.0,4.0,1.0,2.0,1.0
2024-10-13,41,0,1,0,7,2.0,4.0,1.0,1.0,1.0
2024-10-20,43,0,1,0,7,2.0,4.0,1.0,2.0,1.0
2024-10-27,43,0,1,0,7,2.0,4.0,1.0,2.0,1.0
2024-11-03,40,0,0,0,6,1.0,3.0,1.0,1.0,1.0
2024-11-10,45,0,1,0,7,1.0,4.0,1.0,2.0,1.0
2024-11-17,46,0,1,0,7,2.0,4.0,1.0,2.0,1.0
2024-11-24,47,0,1,0,6,1.0,5.0,1.0,2.0,1.0
2024-12-01,49,0,1,0,9,2.0,4.0,1.0,2.0,1.0
2024-12-08,45,0,1,0,8,2.0,4.0,1.0,2.0,1.0
2024-12-15,45,0,1,0,7,1.0,4.0,1.0,1.0,1.0
2024-12-22,43,0,1,0,4,1.0,5.0,1.0,2.0,1.0
2024-12-29,49,0,1,0,5,1.0,5.0,2.0,2.0,1.0
2025-01-05,55,0,1,0,7,2.0,5.0,1.0,2.0,1.0
2025-01-12,57,0,1,0,7,1.0,5.0,1.0,2.0,1.0
2025-01-19,100,0,1,0,7,1.0,7.0,2.0,2.0,1.0
2025-01-26,49,0,1,0,7,2.0,4.0,1.0,2.0,1.0
2025-02-02,50,0,1,0,8,2.0,4.0,1.0,2.0,1.0
2025-02-09,49,0,1,0,9,2.0,4.0,1.0,2.0,1.0
2025-02-16,47,0,1,0,9,2.0,4.0,1.0,2.0,1.0
2025-02-23,43,0,1,0,8,2.0,4.0,1.0,2.0,1.0
2025-03-02,44,0,1,1,8,2.0,4.0,1.0,2.0,1.0
2025-03-09,44,0,1,0,8,2.0,4.0,1.0,2.0,1.0
2025-03-16,43,0,1,0,8,2.0,4.0,1.0,2.0,1.0
2025-03-23,45,0,1,0,8,2.0,4.0,1.0,1.0,1.0
2025-03-30,44,0,1,0,8,2.0,4.0,1.0,2.0,1.0
2025-04-06,43,0,1,0,8,2.0,4.0,1.0,2.0,1.0
2025-04-13,45,0,1,0,7,2.0,4.0,1.0,1.0,1.0
2025-04-20,47,0,1,0,7,2.0,4.0,1.0,2.0,1.0
2025-04-27,44,0,1,0,7,2.0,3.0,1.0,2.0,1.0
2025-05-04,47,0,1,0,8,2.0,4.0,1.0,1.0,1.0
2025-05-11,45,0,1,0,8,2.0,4.0,1.0,1.0,1.0
2025-05-18,44,0,2,0,7,2.0,4.0,1.0,2.0,1.0
2025-05-25,41,0,2,0,6,2.0,4.0,1.0,2.0,1.0
2025-06-01,45,0,2,0,7,2.0,4.0,1.0,2.0,1.0
2025-06-08,49,0,1,0,8,2.0,4.0,1.0,2.0,1.0
2025-06-15,49,0,2,0,7,2.0,4.0,1.0,2.0,1.0
2025-06-22,50,0,3,0,8,2.0,4.0,1.0,2.0,1.0
2025-06-29,49,0,2,0,7,2.0,5.0,1.0,2.0,1.0
2025-07-06,51,0,2,0,8,2.0,5.0,1.0,2.0,1.0
2025-07-13,51,0,4,0,8,2.0,5.0,1.0,2.0,1.0
2025-07-20,54,1,5,0,9,2.0,5.0,1.0,2.0,1.0
2025-07-27,60,6,11,1,9,3.0,6.0,2.0,2.0,1.0
2025-08-03,52,2,7,0,9,2.0,5.0,1.0,2.0,1.0
2025-08-10,51,1,8,0,8,2.0,5.0,1.0,2.0,1.0
2025-08-17,48,1,3,0,7,2.0,5.0,1.0,2.0,1.0
2025-08-24,48,0,2,0,7,2.0,4.0,1.0,2.0,1.0
2025-08-31,49,0,2,0,7,2.0,5.0,1.0,3.0,1.0
2025-09-07,45,0,2,0,7,2.0,4.0,1.0,3.0,1.0
2025-09-14,53,0,2,0,9,2.0,5.0,1.0,3.0,1.0
2025-09-21,54,0,3,0,9,2.0,5.0,1.0,2.0,1.0
2025-09-28,51,0,3,0,8,2.0,5.0,1.0,2.0,1.0
2025-10-05,48,0,2,0,8,2.0,4.0,1.0,2.0,1.0
2025-10-12,47,0,2,0,8,2.0,5.0,1.0,2.0,1.0
2025-10-19,48,0,3,0,9,2.0,4.0,1.0,2.0,1.0
2025-10-26,48,0,2,0,9,2.0,5.0,1.0,2.0,1.0
