doc_id,subreddit,relevant
0,BritishProblems,0
1,BritishProblems,0
2,BritishProblems,0
3,BritishProblems,1
4,BritishProblems,1
5,BritishProblems,0
6,BritishProblems,0
7,BritishProblems,0
8,BritishProblems,0
9,BritishProblems,0
10,BritishProblems,0
11,BritishProblems,1
12,BritishProblems,0
13,BritishProblems,1
14,BritishProblems,1
15,BritishProblems,1
16,BritishProblems,0
17,BritishProblems,0
18,BritishProblems,0
19,BritishProblems,0
20,BritishProblems,0
21,BritishProblems,1
22,BritishProblems,1
23,BritishProblems,0
24,BritishProblems,1
25,BritishProblems,0
26,BritishProblems,0
27,BritishProblems,0
28,BritishProblems,0
29,BritishProblems,0
30,BritishProblems,0
31,BritishProblems,1
32,BritishProblems,0
33,AskUK,0
34,AskUK,0
35,AskUK,1
36,AskUK,0
37,AskUK,0
38,AskUK,0
39,AskUK,1
40,AskUK,0
41,AskUK,0
42,AskUK,0
43,AskUK,1
44,AskUK,0
45,AskUK,0
46,AskUK,0
47,AskUK,0
48,AskUK,0
49,AskUK,0
50,AskUK,0
51,AskUK,0
52,AskUK,0
53,AskUK,1
54,AskUK,0
55,AskUK,1
56,AskUK,1
57,AskUK,0
58,AskUK,0
59,AskUK,0
60,AskUK,0
61,AskUK,1
62,AskUK,0
63,AskUK,1
64,AskUK,0
65,AskUK,0
66,AskUK,0
67,AskUK,0
68,AskUK,0
69,AskUK,1
70,AskUK,1
71,AskUK,0
72,AskUK,0
73,AskUK,1
74,AskUK,0
75,AskUK,0
76,AskUK,0
77,AskUK,1
78,AskUK,1
79,AskUK,0
80,AskUK,0
81,AskUK,0
82,AskUK,1
83,AskUK,1
84,AskUK,0
85,AskUK,0
86,AskUK,0
87,AskUK,0
88,AskUK,1
89,AskUK,0
90,AskUK,1
91,AskUK,0
92,AskUK,1
93,AskUK,0
94,AskUK,1
95,AskUK,1
96,AskUK,0
97,AskUK,0
98,AskUK,1
99,AskUK,0
100,AskUK,0
101,AskUK,0
102,AskUK,0
103,AskUK,0
104,AskUK,0
105,AskUK,0
106,AskUK,0
107,AskUK,0
108,AskUK,1
109,AskUK,1
110,AskUK,0
111,AskUK,0
112,AskUK,0
113,AskUK,1
114,AskUK,0
115,AskUK,0
116,AskUK,0
117,AskUK,1
118,AskUK,0
119,AskUK,0
120,AskUK,0
121,AskUK,0
122,AskUK,1
123,AskUK,0
124,AskUK,0
125,AskUK,0
126,AskUK,0
127,AskUK,0
128,AskUK,0
129,AskUK,0
130,AskUK,0
131,AskUK,0
132,AskUK,1
133,AskUK,0
134,AskUK,0
135,AskUK,0
136,AskUK,0
137,AskUK,0
138,AskUK,0
139,AskUK,0
140,AskUK,0
141,AskUK,0
142,AskUK,1
143,AskUK,0
144,AskUK,1
145,AskUK,1
146,AskUK,0
147,AskUK,0
148,AskUK,0
149,AskUK,0
150,AskUK,0
151,AskUK,0
152,AskUK,1
153,AskUK,0
154,AskUK,1
155,AskUK,0
156,AskUK,0
157,AskUK,0
158,AskUK,0
159,AskUK,1
160,AskUK,1
161,AskUK,0
162,AskUK,0
163,AskUK,0
164,AskUK,0
165,AskUK,0
166,AskUK,1
167,AskUK,0
168,AskUK,0
169,AskUK,0
170,AskUK,1
171,AskUK,1
172,AskUK,0
173,AskUK,0
174,AskUK,1
175,AskUK,0
176,AskUK,0
177,AskUK,0
178,AskUK,0
179,AskUK,0
180,AskUK,1
181,AskUK,1
182,AskUK,1
183,AskUK,0
184,AskUK,0
185,AskUK,0
186,AskUK,0
187,AskUK,1
188,AskUK,1
189,AskUK,1
190,AskUK,0
191,AskUK,0
192,AskUK,0
193,AskUK,0
194,AskUK,0
195,AskUK,1
196,AskUK,0
197,AskUK,0
198,AskUK,0
199,AskUK,0
200,AskUK,0
201,AskUK,1
202,AskUK,0
203,AskUK,1
204,AskUK,1
205,AskUK,1
206,AskUK,0
207,AskUK,0
208,AskUK,0
209,AskUK,0
210,AskUK,0
211,AskUK,0
212,AskUK,0
213,AskUK,1
214,AskUK,1
215,AskUK,1
216,AskUK,0
217,AskUK,0
218,AskUK,0
219,AskUK,0
220,AskUK,0
221,AskUK,0
222,AskUK,1
223,AskUK,0
224,AskUK,0
225,AskUK,0
226,AskUK,0
227,AskUK,0
228,AskUK,0
229,AskUK,0
230,AskUK,1
231,AskUK,0
232,AskUK,0
233,AskUK,0
234,AskUK,0
235,AskUK,0
236,AskUK,0
237,AskUK,1
238,AskUK,1
239,AskUK,1
240,AskUK,0
241,AskUK,0
242,AskUK,1
243,AskUK,1
244,AskUK,0
245,AskUK,0
246,AskUK,1
247,AskUK,1
248,AskUK,1
249,AskUK,1
250,AskUK,0
251,AskUK,0
252,AskUK,0
253,AskUK,0
254,AskUK,0
255,AskUK,1
256,AskUK,1
257,AskUK,0
258,AskUK,1
259,AskUK,1
260,AskUK,0
261,AskUK,0
262,AskUK,0
263,AskUK,1
264,AskUK,0
265,AskUK,1
266,AskUK,0
267,AskUK,0
268,AskUK,1
269,AskUK,0
270,AskUK,0
271,AskUK,0
272,AskUK,0
273,AskUK,0
274,AskUK,0
275,AskUK,0
276,AskUK,0
277,AskUK,0
278,AskUK,1
279,AskUK,1
280,AskUK,0
281,AskUK,0
282,AskUK,0
283,AskUK,0
284,AskUK,0
285,AskUK,0
286,AskUK,1
287,AskUK,1
288,AskUK,0
289,AskUK,0
290,AskUK,1
291,AskUK,1
292,AskUK,1
293,AskUK,1
294,AskUK,0
295,AskUK,1
296,AskUK,0
297,AskUK,0
298,AskUK,0
299,AskUK,0
300,AskUK,0
301,AskUK,1
302,AskUK,0
303,AskUK,0
304,AskUK,0
305,AskUK,0
306,AskUK,0
307,AskUK,0
308,AskUK,1
309,AskUK,0
310,AskUK,0
311,AskUK,0
312,AskUK,0
313,AskUK,0
314,AskUK,0
315,AskUK,0
316,AskUK,0
317,AskUK,0
318,AskUK,1
319,AskUK,0
320,AskUK,0
321,AskUK,0
322,AskUK,0
323,AskUK,1
324,AskUK,1
325,AskUK,0
326,AskUK,0
327,AskUK,0
328,AskUK,0
329,AskUK,0
330,AskUK,1
331,AskUK,0
332,AskUK,1
333,AskUK,1
334,AskUK,1
335,AskUK,1
336,AskUK,0
337,AskUK,1
338,AskUK,1
339,AskUK,1
340,AskUK,1
341,AskUK,0
342,AskUK,1
343,AskUK,1
344,AskUK,0
345,AskUK,1
346,AskUK,0
347,AskUK,1
348,AskUK,1
349,AskUK,0
350,AskUK,0
351,AskUK,0
352,AskUK,1
353,AskUK,1
354,AskUK,1
355,AskUK,0
356,AskUK,0
357,AskUK,1
358,AskUK,0
359,AskUK,1
360,AskUK,0
361,AskUK,1
362,AskUK,1
363,AskUK,1
364,AskUK,0
365,AskUK,0
366,AskUK,1
367,AskUK,0
368,AskUK,0
369,AskUK,0
370,AskUK,0
371,AskUK,0
372,AskUK,0
373,AskUK,0
374,AskUK,0
375,AskUK,0
376,AskUK,0
377,AskUK,0
378,AskUK,0
379,AskUK,0
380,AskUK,1
381,AskUK,0
382,AskUK,1
383,AskUK,0
384,AskUK,0
385,AskUK,1
386,AskUK,0
387,AskUK,1
388,AskUK,0
389,AskUK,1
390,AskUK,0
391,AskUK,1
392,AskUK,0
393,AskUK,0
394,AskUK,0
395,AskUK,0
396,AskUK,1
397,AskUK,0
398,AskUK,0
399,AskUK,1
400,AskUK,0
401,AskUK,0
402,AskUK,0
403,AskUK,0
404,AskUK,1
405,AskUK,0
406,AskUK,0
407,AskUK,0
408,AskUK,1
409,AskUK,0
410,AskUK,0
411,AskUK,1
412,CasualUK,1
413,CasualUK,0
414,CasualUK,0
415,CasualUK,1
416,CasualUK,0
417,CasualUK,0
418,CasualUK,0
419,CasualUK,0
420,CasualUK,0
421,CasualUK,0
422,CasualUK,0
423,CasualUK,0
424,CasualUK,0
425,CasualUK,0
426,CasualUK,0
427,CasualUK,1
428,CasualUK,0
429,CasualUK,1
430,CasualUK,0
431,CasualUK,0
432,CasualUK,1
433,CasualUK,0
434,CasualUK,0
435,CasualUK,0
436,CasualUK,0
437,CasualUK,0
438,CasualUK,0
439,CasualUK,0
440,CasualUK,0
441,CasualUK,0
442,CasualUK,0
443,CasualUK,1
444,CasualUK,0
445,CasualUK,0
446,CasualUK,1
447,CasualUK,1
448,CasualUK,0
449,CasualUK,0
450,CasualUK,0
451,CasualUK,0
452,CasualUK,0
453,CasualUK,1
454,CasualUK,0
455,CasualUK,0
456,CasualUK,0
457,CasualUK,1
458,CasualUK,0
459,CasualUK,1
460,CasualUK,0
461,CasualUK,0
462,CasualUK,0
463,CasualUK,0
464,CasualUK,0
465,CasualUK,0
466,CasualUK,1
467,CasualUK,0
468,CasualUK,0
469,CasualUK,0
470,CasualUK,1
471,CasualUK,0
472,CasualUK,1
473,CasualUK,0
474,CasualUK,0
475,CasualUK,0
476,CasualUK,0
477,CasualUK,0
478,CasualUK,0
479,CasualUK,0
480,CasualUK,0
481,CasualUK,0
482,CasualUK,0
483,CasualUK,1
484,CasualUK,0
485,CasualUK,0
486,CasualUK,0
487,CasualUK,0
488,CasualUK,0
489,CasualUK,1
490,CasualUK,1
491,CasualUK,1
492,CasualUK,1
493,CasualUK,1
494,CasualUK,1
495,CasualUK,0
496,CasualUK,0
497,CasualUK,0
498,CasualUK,0
499,CasualUK,0
500,CasualUK,1
501,CasualUK,1
502,CasualUK,0
503,CasualUK,0
504,CasualUK,0
505,CasualUK,0
506,CasualUK,0
507,CasualUK,0
508,CasualUK,1
509,CasualUK,0
510,CasualUK,0
511,CasualUK,0
512,CasualUK,0
513,CasualUK,0
514,CasualUK,0
515,CasualUK,0
516,CasualUK,0
517,CasualUK,0
518,CasualUK,0
519,CasualUK,1
520,CasualUK,1
521,CasualUK,1
522,CasualUK,1
523,CasualUK,1
524,CasualUK,0
525,CasualUK,0
526,CasualUK,1
527,CasualUK,1
528,CasualUK,1
529,CasualUK,1
530,CasualUK,0
531,CasualUK,0
532,CasualUK,0
533,CasualUK,1
534,CasualUK,1
535,CasualUK,0
536,CasualUK,0
537,CasualUK,0
538,CasualUK,0
539,CasualUK,0
540,England,0
541,England,0
542,England,0
543,England,0
544,England,0
545,England,0
546,England,1
547,England,0
548,England,0
549,England,1
550,FreeSpeech,0
551,FreeSpeech,1
552,FreeSpeech,0
553,FreeSpeech,1
554,FreeSpeech,0
555,FreeSpeech,1
556,FreeSpeech,0
557,FreeSpeech,1
558,FreeSpeech,0
559,FreeSpeech,0
560,FreeSpeech,0
561,FreeSpeech,1
562,FreeSpeech,0
563,FreeSpeech,1
564,FreeSpeech,0
565,FreeSpeech,0
566,FreeSpeech,0
567,FreeSpeech,0
568,FreeSpeech,0
569,FreeSpeech,0
570,FreeSpeech,0
571,FreeSpeech,0
572,FreeSpeech,0
573,FreeSpeech,0
574,FreeSpeech,1
575,FreeSpeech,0
576,FreeSpeech,0
577,FreeSpeech,0
578,FreeSpeech,0
579,FreeSpeech,0
580,FreeSpeech,0
581,FreeSpeech,0
582,FreeSpeech,0
583,FreeSpeech,0
584,FreeSpeech,0
585,FreeSpeech,0
586,FreeSpeech,0
587,FreeSpeech,0
588,FreeSpeech,0
589,FreeSpeech,0
590,FreeSpeech,0
591,FreeSpeech,0
592,FreeSpeech,0
593,FreeSpeech,0
594,FreeSpeech,0
595,FreeSpeech,0
596,FreeSpeech,0
597,FreeSpeech,0
598,FreeSpeech,0
599,FreeSpeech,1
600,FreeSpeech,0
601,FreeSpeech,1
602,FreeSpeech,0
603,FreeSpeech,0
604,FreeSpeech,0
605,FreeSpeech,0
606,FreeSpeech,0
607,FreeSpeech,0
608,FreeSpeech,0
609,FreeSpeech,0
610,FreeSpeech,0
611,FreeSpeech,0
612,FreeSpeech,0
613,FreeSpeech,0
614,FreeSpeech,0
615,FreeSpeech,0
616,FreeSpeech,1
617,FreeSpeech,0
618,FreeSpeech,1
619,FreeSpeech,1
620,FreeSpeech,0
621,FreeSpeech,0
622,FreeSpeech,0
623,FreeSpeech,0
624,FreeSpeech,1
625,FreeSpeech,0
626,FreeSpeech,0
627,FreeSpeech,0
628,FreeSpeech,0
629,FreeSpeech,0
630,FreeSpeech,1
631,FreeSpeech,0
632,FreeSpeech,0
633,FreeSpeech,0
634,FreeSpeech,0
635,GreenAndPleasant,0
636,GreenAndPleasant,0
637,GreenAndPleasant,0
638,GreenAndPleasant,0
639,GreenAndPleasant,0
640,GreenAndPleasant,1
641,GreenAndPleasant,1
642,GreenAndPleasant,0
643,GreenAndPleasant,0
644,GreenAndPleasant,1
645,GreenAndPleasant,0
646,GreenAndPleasant,0
647,GreenAndPleasant,0
648,GreenAndPleasant,0
649,GreenAndPleasant,1
650,GreenAndPleasant,0
651,GreenAndPleasant,0
652,GreenAndPleasant,0
653,GreenAndPleasant,0
654,GreenAndPleasant,0
655,GreenAndPleasant,1
656,GreenAndPleasant,0
657,GreenAndPleasant,0
658,GreenAndPleasant,0
659,GreenAndPleasant,0
660,GreenAndPleasant,0
661,GreenAndPleasant,0
662,GreenAndPleasant,0
663,GreenAndPleasant,0
664,GreenAndPleasant,0
665,GreenAndPleasant,0
666,GreenAndPleasant,0
667,GreenAndPleasant,0
668,GreenAndPleasant,0
669,GreenAndPleasant,1
670,GreenAndPleasant,1
671,GreenAndPleasant,0
672,GreenAndPleasant,0
673,GreenAndPleasant,0
674,GreenAndPleasant,0
675,GreenAndPleasant,0
676,GreenAndPleasant,0
677,GreenAndPleasant,0
678,GreenAndPleasant,0
679,GreenAndPleasant,0
680,GreenAndPleasant,0
681,GreenAndPleasant,0
682,GreenAndPleasant,0
683,GreenAndPleasant,0
684,GreenAndPleasant,0
685,GreenAndPleasant,0
686,GreenAndPleasant,0
687,GreenAndPleasant,0
688,GreenAndPleasant,0
689,GreenAndPleasant,0
690,GreenAndPleasant,0
691,GreenAndPleasant,0
692,GreenAndPleasant,0
693,GreenAndPleasant,0
694,GreenAndPleasant,0
695,GreenAndPleasant,0
696,GreenAndPleasant,0
697,GreenAndPleasant,0
698,GreenAndPleasant,0
699,GreenAndPleasant,0
700,GreenAndPleasant,0
701,GreenAndPleasant,0
702,GreenAndPleasant,0
703,GreenAndPleasant,0
704,GreenAndPleasant,0
705,GreenAndPleasant,0
706,GreenAndPleasant,0
707,GreenAndPleasant,0
708,GreenAndPleasant,0
709,GreenAndPleasant,0
710,GreenAndPleasant,1
711,GreenAndPleasant,0
712,GreenAndPleasant,0
713,GreenAndPleasant,0
714,GreenAndPleasant,0
715,GreenAndPleasant,1
716,GreenAndPleasant,1
717,GreenAndPleasant,1
718,GreenAndPleasant,0
719,GreenAndPleasant,1
720,GreenAndPleasant,1
721,GreenAndPleasant,1
722,GreenAndPleasant,0
723,GreenAndPleasant,1
724,GreenAndPleasant,1
725,GreenAndPleasant,0
726,GreenAndPleasant,0
727,GreenAndPleasant,0
728,GreenAndPleasant,0
729,GreenAndPleasant,1
730,GreenAndPleasant,0
731,GreenAndPleasant,0
732,GreenAndPleasant,0
733,labour,0
734,labour,0
735,labour,1
736,labour,0
737,labour,0
738,labour,0
739,labour,1
740,labour,1
741,labour,0
742,labour,0
743,labour,1
744,labour,1
745,labour,0
746,labour,0
747,labour,0
748,labour,0
749,labour,0
750,labour,0
751,labour,0
752,labour,0
753,labour,0
754,labour,0
755,labour,0
756,labour,0
757,labour,1
758,labour,0
759,labour,0
760,labour,0
761,labour,1
762,labour,0
763,labour,0
764,labour,0
765,labour,1
766,labour,1
767,labour,0
768,labour,0
769,labour,1
770,labour,0
771,labour,0
772,labour,0
773,labour,0
774,labour,1
775,labour,1
776,LabourUK,0
777,LabourUK,0
778,LabourUK,0
779,LabourUK,0
780,LabourUK,0
781,LabourUK,0
782,LabourUK,1
783,LabourUK,0
784,LabourUK,0
785,LabourUK,1
786,LabourUK,1
787,LabourUK,1
788,LabourUK,0
789,LabourUK,0
790,LabourUK,0
791,LabourUK,1
792,LabourUK,0
793,LabourUK,0
794,LabourUK,0
795,LabourUK,1
796,LabourUK,0
797,LabourUK,0
798,LabourUK,0
799,LabourUK,0
800,LabourUK,1
801,LabourUK,0
802,LabourUK,0
803,LabourUK,0
804,LabourUK,0
805,LabourUK,0
806,LabourUK,0
807,LabourUK,0
808,LabourUK,0
809,LabourUK,0
810,LabourUK,0
811,LabourUK,0
812,LabourUK,0
813,LabourUK,0
814,LabourUK,0
815,LabourUK,0
816,LabourUK,0
817,LabourUK,0
818,LabourUK,0
819,LabourUK,0
820,LabourUK,0
821,LabourUK,0
822,LabourUK,0
823,LabourUK,0
824,LabourUK,0
825,LabourUK,0
826,LabourUK,0
827,LabourUK,0
828,LabourUK,0
829,LabourUK,0
830,LabourUK,0
831,LabourUK,0
832,LabourUK,0
833,LabourUK,0
834,LabourUK,0
835,LabourUK,0
836,LabourUK,0
837,LabourUK,0
838,LabourUK,0
839,LabourUK,0
840,LabourUK,0
841,LabourUK,0
842,LabourUK,0
843,LabourUK,0
844,LabourUK,0
845,LabourUK,0
846,LabourUK,0
847,LabourUK,0
848,LabourUK,1
849,LabourUK,0
850,LabourUK,1
851,LabourUK,0
852,LabourUK,0
853,LabourUK,0
854,LabourUK,0
855,LabourUK,0
856,LabourUK,0
857,LabourUK,0
858,LabourUK,0
859,LabourUK,1
860,LegalAdviceUK,0
861,LegalAdviceUK,1
862,LegalAdviceUK,0
863,LegalAdviceUK,0
864,LegalAdviceUK,0
865,LegalAdviceUK,0
866,LegalAdviceUK,0
867,LegalAdviceUK,0
868,LegalAdviceUK,0
869,LegalAdviceUK,0
870,LegalAdviceUK,0
871,LegalAdviceUK,0
872,LegalAdviceUK,0
873,LegalAdviceUK,0
874,LegalAdviceUK,0
875,LegalAdviceUK,0
876,LegalAdviceUK,0
877,LegalAdviceUK,0
878,LegalAdviceUK,0
879,LegalAdviceUK,0
880,LegalAdviceUK,0
881,LegalAdviceUK,0
882,LegalAdviceUK,0
883,LegalAdviceUK,0
884,LegalAdviceUK,0
885,LegalAdviceUK,0
886,LegalAdviceUK,0
887,LegalAdviceUK,1
888,LegalAdviceUK,1
889,LegalAdviceUK,0
890,LegalAdviceUK,0
891,LegalAdviceUK,1
892,LegalAdviceUK,0
893,LegalAdviceUK,0
894,LegalAdviceUK,0
895,LegalAdviceUK,0
896,LegalAdviceUK,0
897,LegalAdviceUK,1
898,LegalAdviceUK,0
899,LegalAdviceUK,0
900,LegalAdviceUK,0
901,LegalAdviceUK,0
902,LegalAdviceUK,0
903,LegalAdviceUK,1
904,LegalAdviceUK,0
905,LegalAdviceUK,0
906,LegalAdviceUK,1
907,LegalAdviceUK,0
908,LegalAdviceUK,0
909,LegalAdviceUK,0
910,LegalAdviceUK,0
911,LegalAdviceUK,0
912,LegalAdviceUK,0
913,LegalAdviceUK,1
914,LegalAdviceUK,0
915,LegalAdviceUK,0
916,LegalAdviceUK,0
917,LegalAdviceUK,0
918,LegalAdviceUK,0
919,LegalAdviceUK,0
920,LegalAdviceUK,0
921,LegalAdviceUK,0
922,LegalAdviceUK,0
923,LegalAdviceUK,0
924,LegalAdviceUK,0
925,LegalAdviceUK,0
926,LegalAdviceUK,0
927,LegalAdviceUK,0
928,LegalAdviceUK,0
929,LegalAdviceUK,0
930,LegalAdviceUK,0
931,LegalAdviceUK,0
932,LegalAdviceUK,0
933,LegalAdviceUK,0
934,LegalAdviceUK,0
935,LegalAdviceUK,0
936,LegalAdviceUK,0
937,LegalAdviceUK,0
938,LegalAdviceUK,0
939,LegalAdviceUK,1
940,LegalAdviceUK,0
941,LegalAdviceUK,0
942,LegalAdviceUK,1
943,LegalAdviceUK,0
944,LegalAdviceUK,0
945,LegalAdviceUK,0
946,LegalAdviceUK,0
947,LegalAdviceUK,0
948,LegalAdviceUK,0
949,LegalAdviceUK,0
950,LegalAdviceUK,0
951,LegalAdviceUK,0
952,LegalAdviceUK,0
953,LegalAdviceUK,0
954,LegalAdviceUK,0
955,LegalAdviceUK,0
956,LegalAdviceUK,1
957,LegalAdviceUK,0
958,LegalAdviceUK,0
959,LegalAdviceUK,0
960,LegalAdviceUK,1
961,LegalAdviceUK,0
962,LegalAdviceUK,0
963,LegalAdviceUK,0
964,LegalAdviceUK,0
965,LegalAdviceUK,0
966,LegalAdviceUK,0
967,LegalAdviceUK,0
968,LegalAdviceUK,1
969,LegalAdviceUK,0
970,LegalAdviceUK,0
971,LegalAdviceUK,0
972,LegalAdviceUK,0
973,LegalAdviceUK,1
974,LegalAdviceUK,1
975,LegalAdviceUK,0
976,LegalAdviceUK,0
977,LegalAdviceUK,0
978,LegalAdviceUK,0
979,LegalAdviceUK,0
980,LegalAdviceUK,0
981,LegalAdviceUK,0
982,LegalAdviceUK,0
983,LegalAdviceUK,0
984,LegalAdviceUK,0
985,LegalAdviceUK,1
986,LegalAdviceUK,0
987,LegalAdviceUK,0
988,LegalAdviceUK,0
989,LegalAdviceUK,0
990,LegalAdviceUK,0
991,LegalAdviceUK,0
992,LegalAdviceUK,0
993,LegalAdviceUK,0
994,LegalAdviceUK,0
995,LegalAdviceUK,0
996,LegalAdviceUK,0
997,LegalAdviceUK,0
998,LegalAdviceUK,0
999,LegalAdviceUK,0
1000,LegalAdviceUK,0
1001,LegalAdviceUK,0
1002,LegalAdviceUK,0
1003,LegalAdviceUK,0
1004,LegalAdviceUK,0
1005,LegalAdviceUK,0
1006,LegalAdviceUK,0
1007,LegalAdviceUK,1
1008,LegalAdviceUK,0
1009,LegalAdviceUK,0
1010,LegalAdviceUK,0
1011,LegalAdviceUK,0
1012,LegalAdviceUK,0
1013,LegalAdviceUK,0
1014,LegalAdviceUK,0
1015,LegalAdviceUK,0
1016,LegalAdviceUK,0
1017,LegalAdviceUK,0
1018,LegalAdviceUK,0
1019,LegalAdviceUK,0
1020,LegalAdviceUK,0
1021,LegalAdviceUK,0
1022,LegalAdviceUK,0
1023,LegalAdviceUK,0
1024,LegalAdviceUK,0
1025,LegalAdviceUK,0
1026,LegalAdviceUK,0
1027,LegalAdviceUK,0
1028,LegalAdviceUK,0
1029,LegalAdviceUK,0
1030,LegalAdviceUK,0
1031,LegalAdviceUK,0
1032,LegalAdviceUK,0
1033,LegalAdviceUK,0
1034,LegalAdviceUK,0
1035,LegalAdviceUK,0
1036,LegalAdviceUK,0
1037,LegalAdviceUK,1
1038,LegalAdviceUK,0
1039,LegalAdviceUK,1
1040,LegalAdviceUK,0
1041,LegalAdviceUK,0
1042,LegalAdviceUK,0
1043,LegalAdviceUK,0
1044,LegalAdviceUK,0
1045,LegalAdviceUK,0
1046,LegalAdviceUK,1
1047,LegalAdviceUK,0
1048,LegalAdviceUK,0
1049,LegalAdviceUK,0
1050,LegalAdviceUK,0
1051,LegalAdviceUK,1
1052,LegalAdviceUK,0
1053,LegalAdviceUK,0
1054,LegalAdviceUK,0
1055,LegalAdviceUK,0
1056,LegalAdviceUK,1
1057,LegalAdviceUK,0
1058,LegalAdviceUK,0
1059,LegalAdviceUK,0
1060,LegalAdviceUK,0
1061,LegalAdviceUK,0
1062,LegalAdviceUK,0
1063,LegalAdviceUK,0
1064,LegalAdviceUK,0
1065,LegalAdviceUK,0
1066,LegalAdviceUK,0
1067,LegalAdviceUK,0
1068,LegalAdviceUK,0
1069,LegalAdviceUK,0
1070,LegalAdviceUK,0
1071,LegalAdviceUK,0
1072,LegalAdviceUK,0
1073,LegalAdviceUK,0
1074,LegalAdviceUK,0
1075,LegalAdviceUK,0
1076,LegalAdviceUK,0
1077,LegalAdviceUK,1
1078,LegalAdviceUK,0
1079,LegalAdviceUK,0
1080,LegalAdviceUK,0
1081,LegalAdviceUK,0
1082,LegalAdviceUK,1
1083,LegalAdviceUK,0
1084,LegalAdviceUK,0
1085,LegalAdviceUK,0
1086,LegalAdviceUK,0
1087,LegalAdviceUK,0
1088,LegalAdviceUK,1
1089,LegalAdviceUK,0
1090,LegalAdviceUK,0
1091,LegalAdviceUK,0
1092,LegalAdviceUK,0
1093,LegalAdviceUK,0
1094,LegalAdviceUK,0
1095,LegalAdviceUK,1
1096,LegalAdviceUK,0
1097,LegalAdviceUK,0
1098,LegalAdviceUK,0
1099,LegalAdviceUK,0
1100,LegalAdviceUK,0
1101,LegalAdviceUK,0
1102,LegalAdviceUK,0
1103,LegalAdviceUK,0
1104,LegalAdviceUK,0
1105,LegalAdviceUK,0
1106,LegalAdviceUK,0
1107,LegalAdviceUK,0
1108,LegalAdviceUK,0
1109,LegalAdviceUK,0
1110,LegalAdviceUK,0
1111,LegalAdviceUK,0
1112,LegalAdviceUK,0
1113,LegalAdviceUK,0
1114,LegalAdviceUK,0
1115,LegalAdviceUK,0
1116,LegalAdviceUK,0
1117,LegalAdviceUK,0
1118,LegalAdviceUK,0
1119,LegalAdviceUK,0
1120,LegalAdviceUK,0
1121,LegalAdviceUK,0
1122,LegalAdviceUK,0
1123,LegalAdviceUK,0
1124,LegalAdviceUK,0
1125,LegalAdviceUK,0
1126,LegalAdviceUK,0
1127,LegalAdviceUK,0
1128,LegalAdviceUK,0
1129,LegalAdviceUK,0
1130,LegalAdviceUK,0
1131,LegalAdviceUK,0
1132,LegalAdviceUK,0
1133,LegalAdviceUK,0
1134,LegalAdviceUK,0
1135,LegalAdviceUK,0
1136,LegalAdviceUK,0
1137,LegalAdviceUK,0
1138,LegalAdviceUK,0
1139,LegalAdviceUK,0
1140,LegalAdviceUK,0
1141,LegalAdviceUK,0
1142,LegalAdviceUK,0
1143,LegalAdviceUK,0
1144,LegalAdviceUK,0
1145,LegalAdviceUK,1
1146,LegalAdviceUK,0
1147,LegalAdviceUK,0
1148,LegalAdviceUK,0
1149,LegalAdviceUK,1
1150,LegalAdviceUK,0
1151,LegalAdviceUK,0
1152,LegalAdviceUK,0
1153,LegalAdviceUK,0
1154,LegalAdviceUK,0
1155,LegalAdviceUK,0
1156,LegalAdviceUK,0
1157,LegalAdviceUK,0
1158,LegalAdviceUK,0
1159,LegalAdviceUK,0
1160,LegalAdviceUK,0
1161,LegalAdviceUK,0
1162,LegalAdviceUK,1
1163,LegalAdviceUK,0
1164,LegalAdviceUK,0
1165,LegalAdviceUK,0
1166,LegalAdviceUK,0
1167,LegalAdviceUK,0
1168,LegalAdviceUK,0
1169,LegalAdviceUK,0
1170,LegalAdviceUK,0
1171,LegalAdviceUK,0
1172,LegalAdviceUK,0
1173,LegalAdviceUK,0
1174,LegalAdviceUK,0
1175,LegalAdviceUK,0
1176,LegalAdviceUK,0
1177,LegalAdviceUK,0
1178,LegalAdviceUK,0
1179,LegalAdviceUK,0
1180,LegalAdviceUK,0
1181,LegalAdviceUK,0
1182,LegalAdviceUK,1
1183,LegalAdviceUK,0
1184,LegalAdviceUK,1
1185,LegalAdviceUK,0
1186,LegalAdviceUK,0
1187,LegalAdviceUK,0
1188,LegalAdviceUK,0
1189,LegalAdviceUK,0
1190,LegalAdviceUK,0
1191,LegalAdviceUK,0
1192,LegalAdviceUK,0
1193,LegalAdviceUK,0
1194,LegalAdviceUK,0
1195,LegalAdviceUK,0
1196,LegalAdviceUK,0
1197,LegalAdviceUK,0
1198,LegalAdviceUK,0
1199,LegalAdviceUK,1
1200,LegalAdviceUK,0
1201,LegalAdviceUK,0
1202,LegalAdviceUK,0
1203,LegalAdviceUK,0
1204,LegalAdviceUK,0
1205,LegalAdviceUK,0
1206,LegalAdviceUK,0
1207,LegalAdviceUK,0
1208,LegalAdviceUK,0
1209,LegalAdviceUK,0
1210,LegalAdviceUK,0
1211,LegalAdviceUK,0
1212,LegalAdviceUK,0
1213,LegalAdviceUK,0
1214,LegalAdviceUK,0
1215,LegalAdviceUK,0
1216,LegalAdviceUK,1
1217,LegalAdviceUK,0
1218,LegalAdviceUK,1
1219,LegalAdviceUK,0
1220,LegalAdviceUK,0
1221,LegalAdviceUK,0
1222,LegalAdviceUK,0
1223,LegalAdviceUK,0
1224,LegalAdviceUK,0
1225,LegalAdviceUK,0
1226,LegalAdviceUK,0
1227,LegalAdviceUK,0
1228,LegalAdviceUK,0
1229,LegalAdviceUK,0
1230,LegalAdviceUK,0
1231,LegalAdviceUK,0
1232,LegalAdviceUK,0
1233,LegalAdviceUK,0
1234,LegalAdviceUK,0
1235,LegalAdviceUK,1
1236,LegalAdviceUK,0
1237,LegalAdviceUK,0
1238,LegalAdviceUK,0
1239,LegalAdviceUK,0
1240,LegalAdviceUK,0
1241,LegalAdviceUK,1
1242,LegalAdviceUK,0
1243,LegalAdviceUK,0
1244,LegalAdviceUK,0
1245,LegalAdviceUK,0
1246,LegalAdviceUK,0
1247,LegalAdviceUK,0
1248,LegalAdviceUK,0
1249,LegalAdviceUK,0
1250,LegalAdviceUK,0
1251,LegalAdviceUK,0
1252,LegalAdviceUK,0
1253,LegalAdviceUK,0
1254,LegalAdviceUK,0
1255,LegalAdviceUK,0
1256,LegalAdviceUK,0
1257,LegalAdviceUK,0
1258,LegalAdviceUK,0
1259,LegalAdviceUK,0
1260,LegalAdviceUK,0
1261,LegalAdviceUK,0
1262,LegalAdviceUK,0
1263,LegalAdviceUK,1
1264,LegalAdviceUK,0
1265,LegalAdviceUK,1
1266,LegalAdviceUK,0
1267,LegalAdviceUK,0
1268,LegalAdviceUK,0
1269,LegalAdviceUK,0
1270,LegalAdviceUK,0
1271,LegalAdviceUK,0
1272,LegalAdviceUK,0
1273,LegalAdviceUK,0
1274,LegalAdviceUK,0
1275,LegalAdviceUK,0
1276,LegalAdviceUK,0
1277,LegalAdviceUK,0
1278,LegalAdviceUK,0
1279,LegalAdviceUK,0
1280,LegalAdviceUK,0
1281,LegalAdviceUK,0
1282,LegalAdviceUK,0
1283,LegalAdviceUK,0
1284,LegalAdviceUK,1
1285,LegalAdviceUK,0
1286,LegalAdviceUK,1
1287,LegalAdviceUK,0
1288,LegalAdviceUK,0
1289,LegalAdviceUK,0
1290,LegalAdviceUK,0
1291,LegalAdviceUK,0
1292,LegalAdviceUK,1
1293,LegalAdviceUK,0
1294,LegalAdviceUK,0
1295,LegalAdviceUK,0
1296,LegalAdviceUK,1
1297,LegalAdviceUK,0
1298,LegalAdviceUK,0
1299,LegalAdviceUK,0
1300,LegalAdviceUK,0
1301,LegalAdviceUK,0
1302,LegalAdviceUK,0
1303,LegalAdviceUK,0
1304,LegalAdviceUK,0
1305,LegalAdviceUK,0
1306,LegalAdviceUK,0
1307,LegalAdviceUK,0
1308,LegalAdviceUK,0
1309,LegalAdviceUK,0
1310,LegalAdviceUK,0
1311,LegalAdviceUK,0
1312,LegalAdviceUK,0
1313,LegalAdviceUK,0
1314,LegalAdviceUK,0
1315,LegalAdviceUK,0
1316,LegalAdviceUK,0
1317,LegalAdviceUK,0
1318,LegalAdviceUK,1
1319,LegalAdviceUK,0
1320,LegalAdviceUK,0
1321,LegalAdviceUK,0
1322,LegalAdviceUK,0
1323,LegalAdviceUK,0
1324,LegalAdviceUK,0
1325,LegalAdviceUK,0
1326,LegalAdviceUK,0
1327,LegalAdviceUK,0
1328,LegalAdviceUK,0
1329,LegalAdviceUK,0
1330,LegalAdviceUK,0
1331,LegalAdviceUK,1
1332,LegalAdviceUK,0
1333,LegalAdviceUK,0
1334,LegalAdviceUK,1
1335,LegalAdviceUK,0
1336,LegalAdviceUK,1
1337,LegalAdviceUK,0
1338,LegalAdviceUK,0
1339,LegalAdviceUK,0
1340,LegalAdviceUK,0
1341,LegalAdviceUK,0
1342,LegalAdviceUK,0
1343,LegalAdviceUK,1
1344,LegalAdviceUK,0
1345,LegalAdviceUK,0
1346,LegalAdviceUK,0
1347,LegalAdviceUK,0
1348,LegalAdviceUK,0
1349,LegalAdviceUK,0
1350,LegalAdviceUK,0
1351,LegalAdviceUK,0
1352,LegalAdviceUK,0
1353,LegalAdviceUK,0
1354,LegalAdviceUK,0
1355,LegalAdviceUK,0
1356,LegalAdviceUK,0
1357,LegalAdviceUK,0
1358,LegalAdviceUK,0
1359,LegalAdviceUK,0
1360,LegalAdviceUK,0
1361,LegalAdviceUK,0
1362,LegalAdviceUK,0
1363,LegalAdviceUK,0
1364,LegalAdviceUK,0
1365,LegalAdviceUK,0
1366,LegalAdviceUK,0
1367,LegalAdviceUK,0
1368,LegalAdviceUK,0
1369,LegalAdviceUK,1
1370,LegalAdviceUK,0
1371,LegalAdviceUK,0
1372,LegalAdviceUK,0
1373,LegalAdviceUK,0
1374,LegalAdviceUK,0
1375,LegalAdviceUK,0
1376,LegalAdviceUK,0
1377,LegalAdviceUK,0
1378,LegalAdviceUK,0
1379,LegalAdviceUK,0
1380,LegalAdviceUK,0
1381,LegalAdviceUK,0
1382,LegalAdviceUK,0
1383,LegalAdviceUK,0
1384,LegalAdviceUK,0
1385,LegalAdviceUK,0
1386,LegalAdviceUK,0
1387,LegalAdviceUK,0
1388,LegalAdviceUK,0
1389,LegalAdviceUK,0
1390,LegalAdviceUK,1
1391,LegalAdviceUK,0
1392,LegalAdviceUK,0
1393,LegalAdviceUK,0
1394,LegalAdviceUK,0
1395,LegalAdviceUK,0
1396,LegalAdviceUK,0
1397,LegalAdviceUK,0
1398,LegalAdviceUK,1
1399,LegalAdviceUK,0
1400,LegalAdviceUK,0
1401,LegalAdviceUK,0
1402,LegalAdviceUK,0
1403,LegalAdviceUK,1
1404,LegalAdviceUK,0
1405,LegalAdviceUK,0
1406,LegalAdviceUK,0
1407,LegalAdviceUK,0
1408,LegalAdviceUK,0
1409,LegalAdviceUK,0
1410,LegalAdviceUK,0
1411,LegalAdviceUK,0
1412,LegalAdviceUK,1
1413,LegalAdviceUK,0
1414,LegalAdviceUK,0
1415,LegalAdviceUK,0
1416,LegalAdviceUK,0
1417,LegalAdviceUK,0
1418,LegalAdviceUK,0
1419,LegalAdviceUK,0
1420,LegalAdviceUK,0
1421,LegalAdviceUK,0
1422,LegalAdviceUK,0
1423,LegalAdviceUK,0
1424,LegalAdviceUK,0
1425,LegalAdviceUK,0
1426,LegalAdviceUK,0
1427,LegalAdviceUK,0
1428,LegalAdviceUK,0
1429,LegalAdviceUK,0
1430,LegalAdviceUK,0
1431,LegalAdviceUK,0
1432,LegalAdviceUK,0
1433,LegalAdviceUK,0
1434,LegalAdviceUK,0
1435,LegalAdviceUK,0
1436,LegalAdviceUK,0
1437,LegalAdviceUK,0
1438,LegalAdviceUK,0
1439,LegalAdviceUK,0
1440,LegalAdviceUK,0
1441,LegalAdviceUK,0
1442,LegalAdviceUK,1
1443,LegalAdviceUK,0
1444,LegalAdviceUK,0
1445,LegalAdviceUK,0
1446,LegalAdviceUK,0
1447,LegalAdviceUK,0
1448,LegalAdviceUK,0
1449,LegalAdviceUK,0
1450,LegalAdviceUK,0
1451,LegalAdviceUK,0
1452,LegalAdviceUK,0
1453,LegalAdviceUK,0
1454,LegalAdviceUK,0
1455,LegalAdviceUK,0
1456,LegalAdviceUK,0
1457,LegalAdviceUK,0
1458,LegalAdviceUK,0
1459,LegalAdviceUK,0
1460,LegalAdviceUK,0
1461,LegalAdviceUK,0
1462,LegalAdviceUK,0
1463,LegalAdviceUK,0
1464,LegalAdviceUK,0
1465,LegalAdviceUK,0
1466,LegalAdviceUK,0
1467,LegalAdviceUK,0
1468,LegalAdviceUK,0
1469,LegalAdviceUK,0
1470,LegalAdviceUK,0
1471,LegalAdviceUK,0
1472,LegalAdviceUK,0
1473,LegalAdviceUK,0
1474,LegalAdviceUK,0
1475,LegalAdviceUK,0
1476,LegalAdviceUK,0
1477,LegalAdviceUK,0
1478,LegalAdviceUK,0
1479,LegalAdviceUK,0
1480,LegalAdviceUK,1
1481,LegalAdviceUK,1
1482,LegalAdviceUK,0
1483,LegalAdviceUK,0
1484,LegalAdviceUK,0
1485,LegalAdviceUK,0
1486,LegalAdviceUK,0
1487,LegalAdviceUK,1
1488,LegalAdviceUK,0
1489,LegalAdviceUK,0
1490,LegalAdviceUK,0
1491,LegalAdviceUK,0
1492,LegalAdviceUK,0
1493,LegalAdviceUK,0
1494,LegalAdviceUK,0
1495,LegalAdviceUK,0
1496,LegalAdviceUK,0
1497,LegalAdviceUK,0
1498,LegalAdviceUK,0
1499,LegalAdviceUK,0
1500,LegalAdviceUK,0
1501,LegalAdviceUK,0
1502,LegalAdviceUK,0
1503,LegalAdviceUK,0
1504,LegalAdviceUK,0
1505,LegalAdviceUK,0
1506,LegalAdviceUK,0
1507,LegalAdviceUK,0
1508,LegalAdviceUK,0
1509,LegalAdviceUK,0
1510,LegalAdviceUK,0
1511,LegalAdviceUK,0
1512,LegalAdviceUK,0
1513,LegalAdviceUK,0
1514,LegalAdviceUK,0
1515,LegalAdviceUK,0
1516,LegalAdviceUK,0
1517,LegalAdviceUK,0
1518,LegalAdviceUK,0
1519,LegalAdviceUK,0
1520,LegalAdviceUK,0
1521,LegalAdviceUK,0
1522,LegalAdviceUK,0
1523,LegalAdviceUK,1
1524,LegalAdviceUK,1
1525,LegalAdviceUK,0
1526,LegalAdviceUK,0
1527,LegalAdviceUK,0
1528,LegalAdviceUK,0
1529,LegalAdviceUK,0
1530,LegalAdviceUK,0
1531,LegalAdviceUK,0
1532,LegalAdviceUK,0
1533,LegalAdviceUK,0
1534,LegalAdviceUK,0
1535,LegalAdviceUK,0
1536,LegalAdviceUK,0
1537,LegalAdviceUK,0
1538,LegalAdviceUK,0
1539,LegalAdviceUK,1
1540,LegalAdviceUK,0
1541,LegalAdviceUK,0
1542,LegalAdviceUK,0
1543,LegalAdviceUK,0
1544,LegalAdviceUK,0
1545,LegalAdviceUK,0
1546,LegalAdviceUK,0
1547,LegalAdviceUK,0
1548,LegalAdviceUK,0
1549,LegalAdviceUK,0
1550,LegalAdviceUK,0
1551,LegalAdviceUK,0
1552,LegalAdviceUK,0
1553,LegalAdviceUK,0
1554,LegalAdviceUK,0
1555,LegalAdviceUK,0
1556,LegalAdviceUK,0
1557,LegalAdviceUK,0
1558,LegalAdviceUK,0
1559,LegalAdviceUK,0
1560,LegalAdviceUK,0
1561,LegalAdviceUK,0
1562,LegalAdviceUK,0
1563,LegalAdviceUK,0
1564,LegalAdviceUK,0
1565,LegalAdviceUK,0
1566,LegalAdviceUK,0
1567,LegalAdviceUK,0
1568,LegalAdviceUK,0
1569,LegalAdviceUK,0
1570,LegalAdviceUK,1
1571,LegalAdviceUK,0
1572,LegalAdviceUK,0
1573,LegalAdviceUK,0
1574,LegalAdviceUK,0
1575,LegalAdviceUK,0
1576,LegalAdviceUK,0
1577,LegalAdviceUK,0
1578,LegalAdviceUK,0
1579,LegalAdviceUK,0
1580,LegalAdviceUK,0
1581,LegalAdviceUK,0
1582,LegalAdviceUK,0
1583,LegalAdviceUK,1
1584,LegalAdviceUK,0
1585,LegalAdviceUK,0
1586,LegalAdviceUK,1
1587,LegalAdviceUK,0
1588,LegalAdviceUK,0
1589,LegalAdviceUK,0
1590,LegalAdviceUK,0
1591,LegalAdviceUK,0
1592,LegalAdviceUK,0
1593,LegalAdviceUK,0
1594,LegalAdviceUK,0
1595,LegalAdviceUK,0
1596,LegalAdviceUK,0
1597,LegalAdviceUK,0
1598,LegalAdviceUK,1
1599,LegalAdviceUK,0
1600,LegalAdviceUK,0
1601,LegalAdviceUK,0
1602,LegalAdviceUK,0
1603,LegalAdviceUK,0
1604,LegalAdviceUK,0
1605,LegalAdviceUK,0
1606,LegalAdviceUK,0
1607,LegalAdviceUK,0
1608,LegalAdviceUK,0
1609,LegalAdviceUK,0
1610,LegalAdviceUK,0
1611,LegalAdviceUK,0
1612,LegalAdviceUK,0
1613,LegalAdviceUK,0
1614,LegalAdviceUK,0
1615,LegalAdviceUK,0
1616,LegalAdviceUK,0
1617,LegalAdviceUK,0
1618,LegalAdviceUK,0
1619,LegalAdviceUK,0
1620,LegalAdviceUK,0
1621,LegalAdviceUK,0
1622,LegalAdviceUK,0
1623,LegalAdviceUK,0
1624,LegalAdviceUK,0
1625,LegalAdviceUK,0
1626,LegalAdviceUK,0
1627,LegalAdviceUK,0
1628,LegalAdviceUK,0
1629,LegalAdviceUK,0
1630,LegalAdviceUK,0
1631,LegalAdviceUK,0
1632,LibDem,1
1633,LibDem,1
1634,LibDem,1
1635,LibDem,1
1636,LibDem,1
1637,LibDem,0
1638,LibDem,1
1639,LibDem,1
1640,LibDem,1
1641,LibDem,1
1642,LibDem,1
1643,LibDem,0
1644,NorthernIreland,0
1645,NorthernIreland,0
1646,NorthernIreland,0
1647,NorthernIreland,0
1648,NorthernIreland,1
1649,NorthernIreland,0
1650,NorthernIreland,0
1651,NorthernIreland,0
1652,NorthernIreland,0
1653,NorthernIreland,0
1654,NorthernIreland,1
1655,NorthernIreland,0
1656,NorthernIreland,1
1657,NorthernIreland,1
1658,NorthernIreland,0
1659,NorthernIreland,0
1660,NorthernIreland,0
1661,NorthernIreland,0
1662,NorthernIreland,0
1663,NorthernIreland,1
1664,NorthernIreland,0
1665,NorthernIreland,1
1666,NorthernIreland,0
1667,NorthernIreland,0
1668,NorthernIreland,1
1669,NorthernIreland,0
1670,NorthernIreland,0
1671,NorthernIreland,0
1672,NorthernIreland,0
1673,NorthernIreland,0
1674,NorthernIreland,0
1675,NorthernIreland,0
1676,NorthernIreland,0
1677,NorthernIreland,0
1678,NorthernIreland,0
1679,NorthernIreland,0
1680,NorthernIreland,0
1681,NorthernIreland,0
1682,NorthernIreland,0
1683,NorthernIreland,1
1684,NorthernIreland,0
1685,NorthernIreland,0
1686,NorthernIreland,0
1687,NorthernIreland,0
1688,NorthernIreland,1
1689,NorthernIreland,0
1690,NorthernIreland,0
1691,NorthernIreland,0
1692,NorthernIreland,0
1693,NorthernIreland,0
1694,NorthernIreland,0
1695,NorthernIreland,0
1696,NorthernIreland,0
1697,NorthernIreland,0
1698,NorthernIreland,0
1699,NorthernIreland,0
1700,NorthernIreland,0
1701,NorthernIreland,0
1702,NorthernIreland,0
1703,NorthernIreland,0
1704,NorthernIreland,0
1705,NorthernIreland,0
1706,NorthernIreland,0
1707,NorthernIreland,0
1708,NorthernIreland,0
1709,NorthernIreland,0
1710,NorthernIreland,0
1711,NorthernIreland,0
1712,NorthernIreland,0
1713,NorthernIreland,0
1714,NorthernIreland,0
1715,NorthernIreland,1
1716,NorthernIreland,1
1717,NorthernIreland,0
1718,NorthernIreland,0
1719,NorthernIreland,0
1720,NorthernIreland,0
1721,NorthernIreland,0
1722,NorthernIreland,1
1723,NorthernIreland,0
1724,NorthernIreland,0
1725,NorthernIreland,0
1726,NorthernIreland,0
1727,NorthernIreland,0
1728,NorthernIreland,0
1729,NorthernIreland,0
1730,NorthernIreland,0
1731,NorthernIreland,0
1732,NorthernIreland,0
1733,NorthernIreland,0
1734,NorthernIreland,1
1735,NorthernIreland,0
1736,NorthernIreland,0
1737,NorthernIreland,0
1738,NorthernIreland,0
1739,NorthernIreland,0
1740,NorthernIreland,0
1741,NorthernIreland,0
1742,NorthernIreland,0
1743,NorthernIreland,0
1744,NorthernIreland,0
1745,NorthernIreland,0
1746,NorthernIreland,0
1747,NorthernIreland,0
1748,NorthernIreland,0
1749,NorthernIreland,0
1750,NorthernIreland,0
1751,NorthernIreland,0
1752,NorthernIreland,0
1753,NorthernIreland,0
1754,NorthernIreland,0
1755,NorthernIreland,0
1756,NorthernIreland,0
1757,NorthernIreland,0
1758,NorthernIreland,0
1759,NorthernIreland,0
1760,NorthernIreland,0
1761,NorthernIreland,0
1762,NorthernIreland,0
1763,NorthernIreland,0
1764,NorthernIreland,0
1765,NorthernIreland,0
1766,NorthernIreland,0
1767,NorthernIreland,0
1768,NorthernIreland,0
1769,NorthernIreland,0
1770,NorthernIreland,0
1771,NorthernIreland,0
1772,NorthernIreland,0
1773,NorthernIreland,0
1774,NorthernIreland,0
1775,NorthernIreland,0
1776,NorthernIreland,0
1777,NorthernIreland,0
1778,NorthernIreland,0
1779,NorthernIreland,0
1780,NorthernIreland,0
1781,NorthernIreland,0
1782,NorthernIreland,0
1783,NorthernIreland,0
1784,NorthernIreland,0
1785,NorthernIreland,0
1786,NorthernIreland,0
1787,NorthernIreland,0
1788,NorthernIreland,0
1789,NorthernIreland,0
1790,NorthernIreland,0
1791,NorthernIreland,0
1792,NorthernIreland,0
1793,NorthernIreland,0
1794,NorthernIreland,0
1795,NorthernIreland,1
1796,NorthernIreland,0
1797,NorthernIreland,0
1798,NorthernIreland,0
1799,NorthernIreland,0
1800,NorthernIreland,0
1801,NorthernIreland,0
1802,NorthernIreland,0
1803,NorthernIreland,0
1804,NorthernIreland,0
1805,NorthernIreland,1
1806,NorthernIreland,0
1807,NorthernIreland,0
1808,NorthernIreland,0
1809,NorthernIreland,0
1810,NorthernIreland,0
1811,NorthernIreland,0
1812,NorthernIreland,0
1813,NorthernIreland,1
1814,NorthernIreland,0
1815,NorthernIreland,1
1816,NorthernIreland,0
1817,NorthernIreland,1
1818,NorthernIreland,0
1819,NorthernIreland,0
1820,NorthernIreland,0
1821,NorthernIreland,1
1822,NorthernIreland,1
1823,NorthernIreland,0
1824,NorthernIreland,0
1825,NorthernIreland,0
1826,NorthernIreland,0
1827,NorthernIreland,0
1828,NorthernIreland,0
1829,NorthernIreland,0
1830,NorthernIreland,0
1831,NorthernIreland,0
1832,NorthernIreland,0
1833,NorthernIreland,0
1834,NorthernIreland,0
1835,NorthernIreland,0
1836,NorthernIreland,0
1837,NorthernIreland,0
1838,NorthernIreland,0
1839,NorthernIreland,0
1840,NorthernIreland,0
1841,Scotland,0
1842,Scotland,0
1843,Scotland,0
1844,Scotland,0
1845,Scotland,0
1846,Scotland,0
1847,Scotland,0
1848,Scotland,0
1849,Scotland,0
1850,Scotland,0
1851,Scotland,0
1852,Scotland,0
1853,Scotland,0
1854,Scotland,0
1855,Scotland,0
1856,Scotland,1
1857,Scotland,0
1858,Scotland,0
1859,Scotland,0
1860,Scotland,1
1861,Scotland,0
1862,Scotland,0
1863,Scotland,0
1864,Scotland,0
1865,Scotland,0
1866,Scotland,0
1867,Scotland,0
1868,Scotland,0
1869,Scotland,1
1870,Scotland,0
1871,Scotland,0
1872,Scotland,1
1873,Scotland,1
1874,Scotland,0
1875,Scotland,0
1876,Scotland,0
1877,Scotland,0
1878,Scotland,0
1879,Scotland,0
1880,Scotland,0
1881,Scotland,0
1882,Scotland,0
1883,Scotland,0
1884,Scotland,0
1885,Scotland,0
1886,Scotland,0
1887,Scotland,0
1888,Scotland,0
1889,Scotland,0
1890,Scotland,0
1891,Scotland,0
1892,Scotland,0
1893,Scotland,0
1894,Scotland,0
1895,Scotland,0
1896,Scotland,0
1897,Scotland,0
1898,Scotland,0
1899,Scotland,0
1900,Scotland,1
1901,Scotland,0
1902,Scotland,0
1903,Scotland,0
1904,Scotland,0
1905,Scotland,0
1906,Scotland,0
1907,Scotland,0
1908,Scotland,0
1909,Scotland,1
1910,Scotland,0
1911,Scotland,1
1912,Scotland,0
1913,Scotland,0
1914,Scotland,0
1915,Scotland,0
1916,Scotland,0
1917,Scotland,0
1918,Scotland,0
1919,Scotland,0
1920,Scotland,0
1921,Scotland,0
1922,Scotland,0
1923,Scotland,0
1924,Scotland,0
1925,Scotland,0
1926,Scotland,0
1927,Scotland,0
1928,Scotland,0
1929,Scotland,0
1930,Scotland,0
1931,Scotland,0
1932,Scotland,0
1933,Scotland,0
1934,Scotland,0
1935,Scotland,0
1936,Scotland,1
1937,Scotland,1
1938,Scotland,1
1939,Scotland,0
1940,Scotland,1
1941,Scotland,0
1942,Scotland,0
1943,Scotland,0
1944,Scotland,0
1945,Scotland,1
1946,Scotland,1
1947,Scotland,0
1948,Scotland,1
1949,Tories,1
1950,Tories,0
1951,Tories,1
1952,Tories,0
1953,Tories,0
1954,Tories,0
1955,Tories,0
1956,Tories,0
1957,Tories,0
1958,Tories,0
1959,Tories,0
1960,Tories,0
1961,Tories,0
1962,Tories,0
1963,UKGreens,0
1964,UKGreens,0
1965,UKGreens,0
1966,UKGreens,0
1967,UKGreens,0
1968,UKGreens,0
1969,UKGreens,0
1970,UKGreens,0
1971,UKGreens,0
1972,UKGreens,0
1973,UKGreens,1
1974,UKGreens,0
1975,uklaw,0
1976,uklaw,0
1977,uklaw,0
1978,uklaw,0
1979,uklaw,0
1980,uklaw,0
1981,uklaw,0
1982,uklaw,0
1983,uklaw,0
1984,uklaw,0
1985,uklaw,0
1986,uklaw,0
1987,uklaw,0
1988,uklaw,0
1989,uklaw,0
1990,uklaw,0
1991,uklaw,0
1992,uklaw,0
1993,uklaw,0
1994,uklaw,0
1995,uklaw,0
1996,uklaw,0
1997,uklaw,0
1998,uklaw,0
1999,uklaw,0
2000,uklaw,0
2001,uklaw,0
2002,uklaw,0
2003,uklaw,0
2004,uklaw,0
2005,uklaw,0
2006,uklaw,0
2007,uklaw,0
2008,uklaw,0
2009,uklaw,0
2010,uklaw,0
2011,uklaw,0
2012,uklaw,0
2013,uklaw,0
2014,uklaw,0
2015,uklaw,0
2016,uklaw,0
2017,uklaw,0
2018,uklaw,0
2019,uklaw,0
2020,uklaw,0
2021,uklaw,0
2022,uklaw,1
2023,uklaw,0
2024,uklaw,0
2025,uklaw,0
2026,uklaw,0
2027,uklaw,0
2028,uklaw,0
2029,uklaw,0
2030,uklaw,0
2031,uklaw,0
2032,uklaw,0
2033,uklaw,0
2034,ukpolitics,0
2035,ukpolitics,0
2036,ukpolitics,0
2037,ukpolitics,0
2038,ukpolitics,0
2039,ukpolitics,0
2040,ukpolitics,0
2041,ukpolitics,0
2042,ukpolitics,0
2043,ukpolitics,0
2044,ukpolitics,0
2045,ukpolitics,0
2046,ukpolitics,0
2047,ukpolitics,0
2048,ukpolitics,0
2049,ukpolitics,0
2050,ukpolitics,0
2051,ukpolitics,0
2052,ukpolitics,0
2053,ukpolitics,0
2054,ukpolitics,0
2055,ukpolitics,0
2056,ukpolitics,0
2057,ukpolitics,0
2058,ukpolitics,0
2059,ukpolitics,0
2060,ukpolitics,0
2061,ukpolitics,0
2062,ukpolitics,0
2063,ukpolitics,0
2064,ukpolitics,0
2065,ukpolitics,0
2066,ukpolitics,0
2067,ukpolitics,0
2068,ukpolitics,0
2069,ukpolitics,0
2070,ukpolitics,0
2071,ukpolitics,0
2072,ukpolitics,0
2073,ukpolitics,0
2074,ukpolitics,0
2075,ukpolitics,0
2076,ukpolitics,0
2077,ukpolitics,0
2078,ukpolitics,0
2079,ukpolitics,0
2080,ukpolitics,0
2081,ukpolitics,0
2082,ukpolitics,0
2083,ukpolitics,0
2084,ukpolitics,0
2085,ukpolitics,0
2086,ukpolitics,0
2087,ukpolitics,0
2088,ukpolitics,0
2089,ukpolitics,0
2090,ukpolitics,0
2091,ukpolitics,0
2092,ukpolitics,0
2093,ukpolitics,0
2094,ukpolitics,0
2095,ukpolitics,0
2096,ukpolitics,0
2097,ukpolitics,1
2098,ukpolitics,1
2099,ukpolitics,1
2100,ukpolitics,0
2101,ukpolitics,0
2102,ukpolitics,0
2103,ukpolitics,1
2104,ukpolitics,1
2105,ukpolitics,1
2106,ukpolitics,1
2107,ukpolitics,1
2108,ukpolitics,1
2109,ukpolitics,0
2110,ukpolitics,0
2111,ukpolitics,1
2112,ukpolitics,0
2113,ukpolitics,0
2114,ukpolitics,0
2115,ukpolitics,0
2116,ukpolitics,0
2117,ukpolitics,1
2118,ukpolitics,0
2119,ukpolitics,0
2120,ukpolitics,0
2121,ukpolitics,0
2122,ukpolitics,1
2123,ukpolitics,0
2124,ukpolitics,0
2125,ukpolitics,0
2126,ukpolitics,0
2127,ukpolitics,0
2128,ukpolitics,0
2129,ukpolitics,0
2130,ukpolitics,0
2131,ukpolitics,0
2132,ukpolitics,0
2133,ukpolitics,0
2134,ukpolitics,0
2135,ukpolitics,0
2136,ukpolitics,0
2137,ukpolitics,0
2138,ukpolitics,0
2139,ukpolitics,0
2140,ukpolitics,0
2141,ukpolitics,0
2142,ukpolitics,0
2143,ukpolitics,0
2144,ukpolitics,0
2145,ukpolitics,0
2146,ukpolitics,0
2147,ukpolitics,0
2148,ukpolitics,0
2149,ukpolitics,0
2150,ukpolitics,0
2151,ukpolitics,0
2152,ukpolitics,0
2153,ukpolitics,0
2154,ukpolitics,0
2155,ukpolitics,0
2156,ukpolitics,0
2157,ukpolitics,0
2158,ukpolitics,0
2159,ukpolitics,0
2160,ukpolitics,0
2161,ukpolitics,0
2162,ukpolitics,0
2163,ukpolitics,0
2164,ukpolitics,0
2165,ukpolitics,0
2166,ukpolitics,0
2167,ukpolitics,0
2168,ukpolitics,0
2169,ukpolitics,0
2170,ukpolitics,0
2171,ukpolitics,0
2172,ukpolitics,0
2173,ukpolitics,1
2174,ukpolitics,0
2175,ukpolitics,0
2176,ukpolitics,0
2177,ukpolitics,0
2178,ukpolitics,0
2179,ukpolitics,0
2180,ukpolitics,0
2181,ukpolitics,0
2182,ukpolitics,0
2183,ukpolitics,0
2184,ukpolitics,0
2185,ukpolitics,0
2186,ukpolitics,0
2187,ukpolitics,0
2188,ukpolitics,0
2189,ukpolitics,0
2190,ukpolitics,0
2191,ukpolitics,0
2192,ukpolitics,0
2193,ukpolitics,0
2194,ukpolitics,0
2195,ukpolitics,0
2196,ukpolitics,0
2197,ukpolitics,0
2198,ukpolitics,0
2199,ukpolitics,0
2200,ukpolitics,0
2201,ukpolitics,0
2202,ukpolitics,0
2203,ukpolitics,0
2204,ukpolitics,0
2205,ukpolitics,0
2206,ukpolitics,0
2207,ukpolitics,0
2208,ukpolitics,0
2209,ukpolitics,0
2210,ukpolitics,0
2211,ukpolitics,0
2212,ukpolitics,0
2213,ukpolitics,0
2214,ukpolitics,0
2215,ukpolitics,0
2216,ukpolitics,0
2217,ukpolitics,0
2218,ukpolitics,0
2219,ukpolitics,0
2220,ukpolitics,0
2221,ukpolitics,0
2222,ukpolitics,0
2223,ukpolitics,0
2224,ukpolitics,0
2225,ukpolitics,0
2226,ukpolitics,0
2227,ukpolitics,0
2228,ukpolitics,0
2229,ukpolitics,0
2230,ukpolitics,0
2231,ukpolitics,0
2232,ukpolitics,0
2233,ukpolitics,0
2234,ukpolitics,0
2235,ukpolitics,0
2236,ukpolitics,0
2237,ukpolitics,0
2238,ukpolitics,0
2239,ukpolitics,0
2240,ukpolitics,0
2241,ukpolitics,0
2242,ukpolitics,0
2243,ukpolitics,0
2244,ukpolitics,0
2245,ukpolitics,0
2246,ukpolitics,0
2247,ukpolitics,0
2248,ukpolitics,1
2249,ukpolitics,0
2250,ukpolitics,0
2251,ukpolitics,0
2252,ukpolitics,0
2253,ukpolitics,0
2254,ukpolitics,0
2255,ukpolitics,0
2256,ukpolitics,0
2257,ukpolitics,0
2258,ukpolitics,0
2259,ukpolitics,0
2260,ukpolitics,0
2261,ukpolitics,0
2262,ukpolitics,0
2263,ukpolitics,0
2264,ukpolitics,0
2265,ukpolitics,0
2266,ukpolitics,0
2267,ukpolitics,0
2268,ukpolitics,0
2269,ukpolitics,0
2270,ukpolitics,0
2271,ukpolitics,1
2272,ukpolitics,1
2273,ukpolitics,1
2274,ukpolitics,1
2275,ukpolitics,0
2276,ukpolitics,0
2277,ukpolitics,0
2278,ukpolitics,1
2279,ukpolitics,1
2280,ukpolitics,0
2281,ukpolitics,0
2282,ukpolitics,0
2283,ukpolitics,1
2284,ukpolitics,0
2285,ukpolitics,1
2286,ukpolitics,0
2287,ukpolitics,1
2288,ukpolitics,0
2289,ukpolitics,0
2290,ukpolitics,0
2291,ukpolitics,1
2292,ukpolitics,1
2293,ukpolitics,1
2294,ukpolitics,0
2295,ukpolitics,0
2296,ukpolitics,0
2297,ukpolitics,0
2298,ukpolitics,0
2299,ukpolitics,0
2300,ukpolitics,0
2301,ukpolitics,0
2302,ukpolitics,0
2303,ukpolitics,1
2304,ukpolitics,0
2305,ukpolitics,0
2306,ukpolitics,0
2307,ukpolitics,0
2308,ukpolitics,0
2309,ukpolitics,0
2310,ukpolitics,0
2311,ukpolitics,0
2312,ukpolitics,0
2313,ukpolitics,0
2314,ukpolitics,0
2315,ukpolitics,0
2316,ukpolitics,0
2317,ukpolitics,0
2318,ukpolitics,0
2319,ukpolitics,0
2320,ukpolitics,0
2321,ukpolitics,0
2322,ukpolitics,0
2323,ukpolitics,1
2324,ukpolitics,0
2325,UnitedKingdom,0
2326,UnitedKingdom,1
2327,UnitedKingdom,0
2328,UnitedKingdom,0
2329,UnitedKingdom,0
2330,UnitedKingdom,1
2331,UnitedKingdom,0
2332,UnitedKingdom,0
2333,UnitedKingdom,0
2334,UnitedKingdom,0
2335,UnitedKingdom,0
2336,UnitedKingdom,0
2337,UnitedKingdom,0
2338,UnitedKingdom,1
2339,UnitedKingdom,0
2340,UnitedKingdom,0
2341,UnitedKingdom,0
2342,UnitedKingdom,0
2343,UnitedKingdom,1
2344,UnitedKingdom,0
2345,UnitedKingdom,0
2346,UnitedKingdom,1
2347,UnitedKingdom,0
2348,UnitedKingdom,0
2349,UnitedKingdom,1
2350,UnitedKingdom,0
2351,UnitedKingdom,0
2352,UnitedKingdom,0
2353,UnitedKingdom,0
2354,UnitedKingdom,0
2355,UnitedKingdom,0
2356,UnitedKingdom,0
2357,UnitedKingdom,0
2358,UnitedKingdom,0
2359,UnitedKingdom,0
2360,UnitedKingdom,0
2361,UnitedKingdom,0
2362,UnitedKingdom,0
2363,UnitedKingdom,0
2364,UnitedKingdom,1
2365,UnitedKingdom,0
2366,UnitedKingdom,0
2367,UnitedKingdom,0
2368,UnitedKingdom,0
2369,UnitedKingdom,0
2370,UnitedKingdom,0
2371,UnitedKingdom,0
2372,UnitedKingdom,0
2373,UnitedKingdom,0
2374,UnitedKingdom,0
2375,UnitedKingdom,0
2376,UnitedKingdom,0
2377,UnitedKingdom,0
2378,UnitedKingdom,0
2379,UnitedKingdom,0
2380,UnitedKingdom,0
2381,UnitedKingdom,0
2382,UnitedKingdom,0
2383,UnitedKingdom,0
2384,UnitedKingdom,0
2385,UnitedKingdom,0
2386,UnitedKingdom,0
2387,UnitedKingdom,0
2388,UnitedKingdom,1
2389,UnitedKingdom,0
2390,UnitedKingdom,0
2391,UnitedKingdom,0
2392,UnitedKingdom,0
2393,UnitedKingdom,0
2394,UnitedKingdom,0
2395,UnitedKingdom,0
2396,UnitedKingdom,0
2397,UnitedKingdom,0
2398,UnitedKingdom,0
2399,UnitedKingdom,0
2400,UnitedKingdom,0
2401,UnitedKingdom,0
2402,UnitedKingdom,0
2403,UnitedKingdom,0
2404,UnitedKingdom,0
2405,UnitedKingdom,0
2406,UnitedKingdom,0
2407,UnitedKingdom,0
2408,UnitedKingdom,0
2409,UnitedKingdom,0
2410,UnitedKingdom,1
2411,UnitedKingdom,0
2412,UnitedKingdom,0
2413,UnitedKingdom,1
2414,UnitedKingdom,0
2415,UnitedKingdom,0
2416,UnitedKingdom,0
2417,UnitedKingdom,0
2418,UnitedKingdom,0
2419,UnitedKingdom,1
2420,UnitedKingdom,0
2421,UnitedKingdom,0
2422,UnitedKingdom,0
2423,UnitedKingdom,0
2424,UnitedKingdom,0
2425,UnitedKingdom,0
2426,UnitedKingdom,0
2427,UnitedKingdom,0
2428,UnitedKingdom,0
2429,UnitedKingdom,0
2430,UnitedKingdom,0
2431,UnitedKingdom,0
2432,UnitedKingdom,0
2433,UnitedKingdom,0
2434,UnitedKingdom,0
2435,UnitedKingdom,0
2436,UnitedKingdom,1
2437,UnitedKingdom,0
2438,UnitedKingdom,0
2439,UnitedKingdom,0
2440,UnitedKingdom,0
2441,UnitedKingdom,0
2442,UnitedKingdom,0
2443,UnitedKingdom,0
2444,UnitedKingdom,1
2445,UnitedKingdom,0
2446,UnitedKingdom,0
2447,UnitedKingdom,0
2448,UnitedKingdom,0
2449,UnitedKingdom,1
2450,UnitedKingdom,0
2451,UnitedKingdom,0
2452,UnitedKingdom,0
2453,UnitedKingdom,0
2454,UnitedKingdom,0
2455,UnitedKingdom,0
2456,UnitedKingdom,0
2457,UnitedKingdom,0
2458,UnitedKingdom,0
2459,UnitedKingdom,0
2460,UnitedKingdom,0
2461,UnitedKingdom,0
2462,UnitedKingdom,0
2463,UnitedKingdom,1
2464,UnitedKingdom,0
2465,UnitedKingdom,0
2466,UnitedKingdom,0
2467,UnitedKingdom,1
2468,UnitedKingdom,0
2469,UnitedKingdom,1
2470,UnitedKingdom,0
2471,UnitedKingdom,1
2472,UnitedKingdom,1
2473,UnitedKingdom,1
2474,UnitedKingdom,1
2475,UnitedKingdom,1
2476,UnitedKingdom,0
2477,UnitedKingdom,1
2478,UnitedKingdom,1
2479,UnitedKingdom,0
2480,UnitedKingdom,0
2481,UnitedKingdom,0
2482,UnitedKingdom,0
2483,UnitedKingdom,0
2484,UnitedKingdom,1
2485,UnitedKingdom,0
2486,UnitedKingdom,0
2487,UnitedKingdom,0
2488,UnitedKingdom,0
2489,UnitedKingdom,1
2490,UnitedKingdom,0
2491,UnitedKingdom,1
2492,UnitedKingdom,0
2493,UnitedKingdom,0
2494,UnitedKingdom,0
2495,UnitedKingdom,0
2496,UnitedKingdom,0
2497,UnitedKingdom,0
2498,UnitedKingdom,0
2499,Wales,1
2500,Wales,0
2501,Wales,0
2502,Wales,0
2503,Wales,1
2504,Wales,0
2505,Wales,0
2506,Wales,0
2507,Wales,0
2508,Wales,0
2509,Wales,0
2510,Wales,0
2511,Wales,0
2512,Wales,0
2513,Wales,0
2514,Wales,0
2515,Wales,0
2516,Wales,0
2517,Wales,0
2518,Wales,0
2519,Wales,0
2520,Wales,0
