doc_id,subreddit,relevant,relevant_strict
0,censorship,0,0
1,censorship,1,0
2,censorship,1,0
3,censorship,1,0
4,censorship,0,0
5,censorship,1,1
6,censorship,1,0
7,censorship,1,0
8,censorship,1,0
9,censorship,1,0
10,censorship,0,0
11,censorship,1,0
12,censorship,1,0
13,censorship,1,0
14,censorship,1,0
15,censorship,1,0
16,censorship,1,0
17,censorship,0,0
18,censorship,1,0
19,censorship,1,0
20,censorship,0,0
21,censorship,0,0
22,censorship,0,0
23,censorship,0,0
24,censorship,0,0
25,censorship,0,0
26,censorship,0,0
27,censorship,1,0
28,censorship,1,0
29,censorship,1,0
30,censorship,0,0
31,censorship,1,0
32,censorship,1,1
33,censorship,1,0
34,censorship,1,0
35,censorship,1,0
36,censorship,1,0
37,censorship,1,0
38,censorship,0,0
39,censorship,1,0
40,censorship,0,0
41,censorship,1,0
42,censorship,1,0
43,censorship,1,0
44,censorship,1,0
45,censorship,0,0
46,censorship,1,0
47,censorship,1,0
48,censorship,1,1
49,censorship,1,0
50,censorship,0,0
51,censorship,1,0
52,censorship,1,0
53,censorship,1,0
54,censorship,1,0
55,censorship,1,0
56,censorship,1,1
57,censorship,1,0
58,censorship,1,0
59,censorship,1,0
60,censorship,1,0
61,censorship,1,0
62,censorship,1,0
63,censorship,1,0
64,censorship,1,0
65,censorship,1,0
66,censorship,0,0
67,censorship,1,0
68,censorship,0,0
69,censorship,1,0
70,censorship,1,0
71,censorship,1,0
72,censorship,1,0
73,censorship,1,0
74,censorship,1,0
75,censorship,1,0
76,censorship,1,0
77,censorship,1,0
78,censorship,0,0
79,censorship,1,0
80,censorship,1,0
81,censorship,1,1
82,censorship,1,0
83,censorship,1,1
84,censorship,1,0
85,censorship,0,0
86,censorship,0,0
87,censorship,1,1
88,censorship,1,1
89,censorship,1,1
90,censorship,0,0
91,censorship,1,0
92,censorship,0,0
93,censorship,1,1
94,censorship,0,0
95,censorship,1,0
96,censorship,1,1
97,censorship,1,1
98,censorship,1,1
99,censorship,1,1
100,censorship,1,1
101,censorship,1,0
102,censorship,1,0
103,censorship,1,1
104,censorship,1,1
105,censorship,1,0
106,censorship,1,1
107,censorship,1,0
108,censorship,1,1
109,censorship,1,0
110,censorship,1,0
111,censorship,1,0
112,censorship,1,0
113,censorship,1,0
114,censorship,1,0
115,censorship,1,0
116,censorship,1,1
117,censorship,1,1
118,censorship,1,0
119,censorship,1,0
120,censorship,1,1
121,censorship,1,0
122,censorship,1,0
123,censorship,0,0
124,censorship,1,0
125,censorship,1,0
126,censorship,1,0
127,censorship,0,0
128,censorship,1,0
129,censorship,1,0
130,censorship,1,0
131,MullvadVPN,0,0
132,MullvadVPN,0,0
133,MullvadVPN,0,0
134,MullvadVPN,1,0
135,MullvadVPN,0,0
136,MullvadVPN,0,0
137,MullvadVPN,0,0
138,MullvadVPN,0,0
139,degoogle,1,0
140,degoogle,0,0
141,degoogle,0,0
142,degoogle,0,0
143,degoogle,0,0
144,degoogle,0,0
145,degoogle,0,0
146,degoogle,0,0
147,degoogle,0,0
148,degoogle,0,0
149,degoogle,0,0
150,degoogle,0,0
151,degoogle,0,0
152,degoogle,0,0
153,degoogle,0,0
154,degoogle,0,0
155,degoogle,0,0
156,degoogle,0,0
157,degoogle,0,0
158,degoogle,0,0
159,degoogle,1,0
160,degoogle,1,1
161,degoogle,0,0
162,degoogle,0,0
163,degoogle,0,0
164,degoogle,0,0
165,degoogle,0,0
166,degoogle,0,0
167,degoogle,0,0
168,degoogle,0,0
169,degoogle,0,0
170,degoogle,1,1
171,degoogle,0,0
172,degoogle,0,0
173,degoogle,0,0
174,degoogle,0,0
175,degoogle,0,0
176,degoogle,1,0
177,degoogle,0,0
178,degoogle,1,0
179,degoogle,0,0
180,degoogle,0,0
181,degoogle,0,0
182,degoogle,0,0
183,degoogle,0,0
184,degoogle,0,0
185,degoogle,0,0
186,degoogle,0,0
187,degoogle,0,0
188,degoogle,0,0
189,degoogle,0,0
190,degoogle,0,0
191,degoogle,1,0
192,degoogle,1,0
193,degoogle,0,0
194,degoogle,0,0
195,degoogle,1,0
196,degoogle,0,0
197,degoogle,1,0
198,degoogle,0,0
199,degoogle,0,0
200,degoogle,0,0
201,degoogle,0,0
202,degoogle,0,0
203,degoogle,0,0
204,degoogle,0,0
205,degoogle,0,0
206,degoogle,0,0
207,degoogle,1,1
208,degoogle,0,0
209,degoogle,0,0
210,degoogle,0,0
211,degoogle,0,0
212,degoogle,0,0
213,degoogle,0,0
214,degoogle,0,0
215,degoogle,0,0
216,degoogle,1,0
217,degoogle,0,0
218,degoogle,0,0
219,degoogle,0,0
220,degoogle,0,0
221,degoogle,0,0
222,degoogle,0,0
223,degoogle,0,0
224,degoogle,0,0
225,degoogle,0,0
226,degoogle,0,0
227,degoogle,0,0
228,degoogle,0,0
229,degoogle,0,0
230,degoogle,0,0
231,degoogle,0,0
232,degoogle,1,1
233,degoogle,0,0
234,degoogle,0,0
235,degoogle,1,1
236,degoogle,0,0
237,degoogle,1,0
238,degoogle,0,0
239,degoogle,0,0
240,degoogle,0,0
241,degoogle,0,0
242,degoogle,0,0
243,degoogle,1,1
244,degoogle,1,1
245,degoogle,1,0
246,degoogle,0,0
247,degoogle,0,0
248,degoogle,0,0
249,degoogle,0,0
250,degoogle,0,0
251,degoogle,1,1
252,degoogle,1,1
253,degoogle,0,0
254,degoogle,0,0
255,degoogle,0,0
256,degoogle,0,0
257,degoogle,0,0
258,degoogle,0,0
259,degoogle,0,0
260,degoogle,0,0
261,degoogle,1,1
262,degoogle,1,0
263,degoogle,0,0
264,degoogle,1,1
265,degoogle,0,0
266,degoogle,0,0
267,degoogle,0,0
268,degoogle,1,0
269,degoogle,1,1
270,degoogle,1,1
271,degoogle,0,0
272,degoogle,0,0
273,degoogle,0,0
274,degoogle,1,0
275,degoogle,1,0
276,degoogle,0,0
277,degoogle,1,1
278,degoogle,0,0
279,degoogle,1,1
280,degoogle,1,1
281,degoogle,1,1
282,degoogle,1,0
283,degoogle,1,1
284,degoogle,0,0
285,degoogle,1,1
286,degoogle,1,1
287,degoogle,1,1
288,degoogle,0,0
289,degoogle,0,0
290,degoogle,0,0
291,degoogle,1,1
292,degoogle,1,1
293,degoogle,1,0
294,degoogle,1,0
295,degoogle,0,0
296,degoogle,0,0
297,degoogle,1,0
298,degoogle,1,0
299,degoogle,1,1
300,degoogle,1,1
301,degoogle,1,1
302,degoogle,0,0
303,degoogle,1,1
304,degoogle,0,0
305,degoogle,0,0
306,degoogle,0,0
307,degoogle,1,0
308,degoogle,1,1
309,degoogle,1,1
310,degoogle,0,0
311,degoogle,0,0
312,degoogle,0,0
313,degoogle,0,0
314,degoogle,0,0
315,degoogle,1,1
316,degoogle,0,0
317,degoogle,1,1
318,degoogle,1,0
319,degoogle,0,0
320,degoogle,0,0
321,degoogle,0,0
322,degoogle,0,0
323,degoogle,0,0
324,degoogle,0,0
325,degoogle,0,0
326,degoogle,0,0
327,degoogle,1,1
328,degoogle,0,0
329,degoogle,1,0
330,degoogle,0,0
331,degoogle,1,0
332,degoogle,0,0
333,degoogle,0,0
334,degoogle,1,1
335,degoogle,0,0
336,degoogle,0,0
337,degoogle,0,0
338,degoogle,0,0
339,degoogle,1,0
340,degoogle,0,0
341,degoogle,1,0
342,degoogle,1,0
343,degoogle,0,0
344,degoogle,0,0
345,degoogle,0,0
346,degoogle,0,0
347,degoogle,0,0
348,degoogle,0,0
349,degoogle,0,0
350,degoogle,0,0
351,degoogle,0,0
352,degoogle,1,1
353,degoogle,1,1
354,degoogle,0,0
355,degoogle,1,1
356,degoogle,0,0
357,degoogle,0,0
358,degoogle,0,0
359,degoogle,1,0
360,degoogle,1,1
361,degoogle,0,0
362,degoogle,0,0
363,degoogle,1,0
364,degoogle,0,0
365,degoogle,1,0
366,degoogle,0,0
367,degoogle,0,0
368,degoogle,0,0
369,degoogle,1,1
370,degoogle,0,0
371,degoogle,0,0
372,degoogle,0,0
373,degoogle,0,0
374,degoogle,1,1
375,degoogle,0,0
376,degoogle,0,0
377,degoogle,1,0
378,degoogle,1,0
379,degoogle,0,0
380,degoogle,0,0
381,degoogle,0,0
382,degoogle,0,0
383,degoogle,1,1
384,degoogle,1,0
385,degoogle,0,0
386,degoogle,0,0
387,degoogle,0,0
388,degoogle,0,0
389,degoogle,1,0
390,nordvpn,0,0
391,nordvpn,0,0
392,nordvpn,0,0
393,nordvpn,0,0
394,nordvpn,0,0
395,nordvpn,0,0
396,nordvpn,0,0
397,nordvpn,0,0
398,nordvpn,0,0
399,nordvpn,0,0
400,nordvpn,0,0
401,nordvpn,1,1
402,nordvpn,0,0
403,nordvpn,0,0
404,nordvpn,0,0
405,nordvpn,0,0
406,nordvpn,0,0
407,nordvpn,0,0
408,nordvpn,0,0
409,nordvpn,0,0
410,nordvpn,0,0
411,nordvpn,0,0
412,nordvpn,0,0
413,nordvpn,0,0
414,nordvpn,0,0
415,nordvpn,0,0
416,nordvpn,0,0
417,nordvpn,0,0
418,nordvpn,1,0
419,nordvpn,0,0
420,nordvpn,0,0
421,nordvpn,1,0
422,nordvpn,0,0
423,nordvpn,1,1
424,nordvpn,0,0
425,nordvpn,1,1
426,nordvpn,0,0
427,nordvpn,0,0
428,nordvpn,0,0
429,nordvpn,0,0
430,nordvpn,0,0
431,nordvpn,1,1
432,nordvpn,0,0
433,nordvpn,0,0
434,nordvpn,0,0
435,nordvpn,0,0
436,nordvpn,1,1
437,nordvpn,0,0
438,nordvpn,0,0
439,nordvpn,0,0
440,nordvpn,0,0
441,nordvpn,0,0
442,nordvpn,1,1
443,nordvpn,0,0
444,nordvpn,0,0
445,nordvpn,0,0
446,nordvpn,0,0
447,nordvpn,0,0
448,nordvpn,0,0
449,nordvpn,0,0
450,nordvpn,0,0
451,nordvpn,0,0
452,nordvpn,0,0
453,nordvpn,0,0
454,nordvpn,0,0
455,nordvpn,0,0
456,nordvpn,1,1
457,nordvpn,0,0
458,nordvpn,1,1
459,nordvpn,0,0
460,nordvpn,1,1
461,nordvpn,0,0
462,nordvpn,0,0
463,nordvpn,0,0
464,nordvpn,1,1
465,nordvpn,0,0
466,nordvpn,1,0
467,nordvpn,0,0
468,nordvpn,0,0
469,nordvpn,1,1
470,nordvpn,0,0
471,nordvpn,0,0
472,nordvpn,1,1
473,nordvpn,1,1
474,nordvpn,0,0
475,PrivacyGuides,1,0
476,PrivacyGuides,0,0
477,PrivacyGuides,0,0
478,PrivacyGuides,0,0
479,PrivacyGuides,0,0
480,PrivacyGuides,0,0
481,PrivacyGuides,0,0
482,PrivacyGuides,0,0
483,PrivacyGuides,1,1
484,PrivacyGuides,1,0
485,PrivacyGuides,1,1
486,PrivacyGuides,0,0
487,PrivacyGuides,0,0
488,PrivacyGuides,0,0
489,PrivacyGuides,1,0
490,PrivacyGuides,0,0
491,PrivacyGuides,0,0
492,PrivacyGuides,0,0
493,PrivacyGuides,0,0
494,PrivacyGuides,0,0
495,PrivacyGuides,0,0
496,PrivacyGuides,0,0
497,PrivacyGuides,0,0
498,PrivacyGuides,0,0
499,PrivacyGuides,0,0
500,PrivacyGuides,0,0
501,PrivacyGuides,0,0
502,PrivacyGuides,0,0
503,PrivacyGuides,0,0
504,PrivacyGuides,0,0
505,PrivacyGuides,0,0
506,PrivacyGuides,0,0
507,PrivacyGuides,0,0
508,PrivacyGuides,0,0
509,PrivacyGuides,0,0
510,PrivacyGuides,0,0
511,PrivacyGuides,1,0
512,PrivacyGuides,0,0
513,PrivacyGuides,0,0
514,PrivacyGuides,0,0
515,PrivacyGuides,0,0
516,PrivacyGuides,1,0
517,PrivacyGuides,0,0
518,PrivacyGuides,0,0
519,PrivacyGuides,1,0
520,PrivacyGuides,0,0
521,PrivacyGuides,0,0
522,PrivacyGuides,0,0
523,PrivacyGuides,0,0
524,PrivacyGuides,1,0
525,PrivacyGuides,0,0
526,PrivacyGuides,0,0
527,PrivacyGuides,0,0
528,PrivacyGuides,0,0
529,PrivacyGuides,0,0
530,PrivacyGuides,0,0
531,PrivacyGuides,0,0
532,PrivacyGuides,0,0
533,PrivacyGuides,0,0
534,PrivacyGuides,0,0
535,PrivacyGuides,0,0
536,PrivacyGuides,0,0
537,PrivacyGuides,1,0
538,PrivacyGuides,1,0
539,PrivacyGuides,1,0
540,PrivacyGuides,0,0
541,PrivacyGuides,1,0
542,PrivacyGuides,0,0
543,PrivacyGuides,0,0
544,PrivacyGuides,1,0
545,PrivacyGuides,1,0
546,PrivacyGuides,0,0
547,PrivacyGuides,0,0
548,PrivacyGuides,0,0
549,PrivacyGuides,1,0
550,PrivacyGuides,0,0
551,PrivacyGuides,0,0
552,PrivacyGuides,0,0
553,PrivacyGuides,1,0
554,PrivacyGuides,1,0
555,PrivacyGuides,1,0
556,PrivacyGuides,1,0
557,PrivacyGuides,1,0
558,PrivacyGuides,0,0
559,PrivacyGuides,1,0
560,PrivacyGuides,0,0
561,PrivacyGuides,1,0
562,PrivacyGuides,0,0
563,PrivacyGuides,0,0
564,PrivacyGuides,0,0
565,PrivacyGuides,0,0
566,PrivacyGuides,1,0
567,PrivacyGuides,0,0
568,PrivacyGuides,0,0
569,PrivacyGuides,1,0
570,PrivacyGuides,0,0
571,PrivacyGuides,0,0
572,PrivacyGuides,1,0
573,PrivacyGuides,1,0
574,PrivacyGuides,1,0
575,PrivacyGuides,0,0
576,PrivacyGuides,0,0
577,PrivacyGuides,1,1
578,PrivacyGuides,0,0
579,PrivacyGuides,0,0
580,PrivacyGuides,0,0
581,PrivacyGuides,0,0
582,PrivacyGuides,0,0
583,PrivacyGuides,0,0
584,PrivacyGuides,0,0
585,PrivacyGuides,1,0
586,PrivacyGuides,0,0
587,PrivacyGuides,0,0
588,PrivacyGuides,0,0
589,PrivacyGuides,0,0
590,PrivacyGuides,0,0
591,PrivacyGuides,0,0
592,PrivacyGuides,0,0
593,PrivacyGuides,0,0
594,PrivacyGuides,0,0
595,PrivacyGuides,0,0
596,PrivacyGuides,1,0
597,PrivacyGuides,0,0
598,PrivacyGuides,0,0
599,PrivacyGuides,1,1
600,PrivacyGuides,0,0
601,PrivacyGuides,0,0
602,PrivacyGuides,0,0
603,PrivacyGuides,0,0
604,PrivacyGuides,0,0
605,PrivacyGuides,0,0
606,PrivacyGuides,0,0
607,PrivacyGuides,0,0
608,PrivacyGuides,0,0
609,PrivacyGuides,0,0
610,PrivacyGuides,0,0
611,PrivacyGuides,0,0
612,PrivacyGuides,0,0
613,PrivacyGuides,0,0
614,PrivacyGuides,0,0
615,PrivacyGuides,0,0
616,PrivacyGuides,0,0
617,PrivacyGuides,1,0
618,PrivacyGuides,0,0
619,PrivacyGuides,0,0
620,PrivacyGuides,0,0
621,PrivacyGuides,0,0
622,PrivacyGuides,0,0
623,PrivacyGuides,0,0
624,PrivacyGuides,0,0
625,PrivacyGuides,0,0
626,PrivacyGuides,0,0
627,PrivacyGuides,0,0
628,PrivacyGuides,0,0
629,PrivacyGuides,0,0
630,PrivacyGuides,1,0
631,PrivacyGuides,0,0
632,PrivacyGuides,0,0
633,PrivacyGuides,0,0
634,PrivacyGuides,0,0
635,PrivacyGuides,0,0
636,PrivacyGuides,1,1
637,PrivacyGuides,0,0
638,PrivacyGuides,0,0
639,PrivacyGuides,0,0
640,PrivacyGuides,0,0
641,PrivacyGuides,0,0
642,PrivacyGuides,1,0
643,PrivacyGuides,0,0
644,PrivacyGuides,1,0
645,PrivacyGuides,0,0
646,PrivacyGuides,0,0
647,PrivacyGuides,0,0
648,PrivacyGuides,0,0
649,PrivacyGuides,0,0
650,PrivacyGuides,0,0
651,PrivacyGuides,0,0
652,PrivacyGuides,0,0
653,PrivacyGuides,1,0
654,PrivacyGuides,0,0
655,PrivacyGuides,0,0
656,PrivacyGuides,0,0
657,PrivacyGuides,1,0
658,PrivacyGuides,0,0
659,PrivacyGuides,0,0
660,PrivacyGuides,0,0
661,PrivacyGuides,0,0
662,PrivacyGuides,0,0
663,PrivacyGuides,0,0
664,PrivacyGuides,0,0
665,PrivacyGuides,0,0
666,PrivacyGuides,0,0
667,PrivacyGuides,0,0
668,PrivacyGuides,1,0
669,PrivacyGuides,0,0
670,PrivacyGuides,0,0
671,PrivacyGuides,0,0
672,PrivacyGuides,0,0
673,PrivacyGuides,0,0
674,PrivacyGuides,0,0
675,PrivacyGuides,0,0
676,PrivacyGuides,0,0
677,PrivacyGuides,1,0
678,PrivacyGuides,0,0
679,PrivacyGuides,0,0
680,PrivacyGuides,0,0
681,PrivacyGuides,0,0
682,PrivacyGuides,0,0
683,PrivacyGuides,1,0
684,PrivacyGuides,0,0
685,PrivacyGuides,0,0
686,PrivacyGuides,0,0
687,PrivacyGuides,1,0
688,PrivacyGuides,1,0
689,PrivacyGuides,0,0
690,PrivacyGuides,0,0
691,PrivacyGuides,0,0
692,PrivacyGuides,0,0
693,PrivacyGuides,1,1
694,PrivacyGuides,0,0
695,PrivacyGuides,0,0
696,PrivacyGuides,1,1
697,PrivacyGuides,0,0
698,PrivacyGuides,0,0
699,PrivacyGuides,0,0
700,PrivacyGuides,0,0
701,PrivacyGuides,0,0
702,PrivacyGuides,0,0
703,PrivacyGuides,1,1
704,PrivacyGuides,1,1
705,PrivacyGuides,0,0
706,PrivacyGuides,0,0
707,PrivacyGuides,0,0
708,PrivacyGuides,1,0
709,PrivacyGuides,1,1
710,PrivacyGuides,0,0
711,PrivacyGuides,0,0
712,PrivacyGuides,0,0
713,PrivacyGuides,1,1
714,PrivacyGuides,0,0
715,PrivacyGuides,0,0
716,PrivacyGuides,0,0
717,PrivacyGuides,0,0
718,PrivacyGuides,1,0
719,PrivacyGuides,0,0
720,PrivacyGuides,1,0
721,PrivacyGuides,0,0
722,PrivacyGuides,0,0
723,PrivacyGuides,0,0
724,PrivacyGuides,0,0
725,PrivacyGuides,1,0
726,PrivacyGuides,0,0
727,PrivacyGuides,0,0
728,PrivacyGuides,0,0
729,PrivacyGuides,0,0
730,PrivacyGuides,1,0
731,PrivacyGuides,1,0
732,PrivacyGuides,1,0
733,PrivacyGuides,0,0
734,privacy,0,0
735,privacy,0,0
736,privacy,1,0
737,privacy,0,0
738,privacy,0,0
739,privacy,0,0
740,privacy,0,0
741,privacy,1,1
742,privacy,0,0
743,privacy,0,0
744,privacy,0,0
745,privacy,0,0
746,privacy,0,0
747,privacy,1,1
748,privacy,0,0
749,privacy,0,0
750,privacy,0,0
751,privacy,1,0
752,privacy,0,0
753,privacy,1,0
754,privacy,0,0
755,privacy,1,1
756,privacy,0,0
757,privacy,0,0
758,privacy,0,0
759,privacy,1,0
760,privacy,0,0
761,privacy,1,0
762,privacy,0,0
763,privacy,0,0
764,privacy,1,1
765,privacy,0,0
766,privacy,1,0
767,privacy,0,0
768,privacy,0,0
769,privacy,0,0
770,privacy,0,0
771,privacy,0,0
772,privacy,1,0
773,privacy,0,0
774,privacy,1,0
775,privacy,0,0
776,privacy,0,0
777,privacy,0,0
778,privacy,1,0
779,privacy,1,1
780,privacy,1,1
781,privacy,0,0
782,privacy,0,0
783,privacy,0,0
784,privacy,1,0
785,privacy,1,0
786,privacy,1,0
787,privacy,1,0
788,privacy,0,0
789,privacy,1,0
790,privacy,1,0
791,privacy,0,0
792,privacy,1,0
793,privacy,1,1
794,privacy,0,0
795,privacy,0,0
796,privacy,1,0
797,privacy,0,0
798,privacy,1,0
799,privacy,0,0
800,privacy,0,0
801,privacy,0,0
802,privacy,1,0
803,privacy,1,0
804,privacy,0,0
805,privacy,1,0
806,privacy,1,0
807,privacy,1,0
808,privacy,1,0
809,privacy,0,0
810,privacy,1,0
811,privacy,1,0
812,privacy,1,0
813,privacy,1,0
814,privacy,0,0
815,privacy,0,0
816,privacy,1,0
817,privacy,0,0
818,privacy,1,0
819,privacy,1,1
820,privacy,1,0
821,privacy,0,0
822,privacy,0,0
823,privacy,0,0
824,privacy,1,0
825,privacy,0,0
826,privacy,0,0
827,privacy,0,0
828,privacy,0,0
829,privacy,1,0
830,privacy,0,0
831,privacy,0,0
832,privacy,1,0
833,privacy,0,0
834,privacy,1,0
835,privacy,1,0
836,privacy,1,0
837,privacy,0,0
838,privacy,0,0
839,privacy,0,0
840,privacy,0,0
841,privacy,0,0
842,privacy,0,0
843,privacy,0,0
844,privacy,1,1
845,privacy,1,1
846,privacy,0,0
847,privacy,0,0
848,privacy,0,0
849,privacy,0,0
850,privacy,1,0
851,privacy,1,0
852,privacy,1,1
853,privacy,1,1
854,privacy,0,0
855,privacy,0,0
856,privacy,1,0
857,privacy,1,1
858,privacy,0,0
859,privacy,1,1
860,privacy,0,0
861,privacy,1,0
862,privacy,0,0
863,privacy,0,0
864,privacy,0,0
865,privacy,0,0
866,privacy,0,0
867,privacy,0,0
868,privacy,1,1
869,privacy,0,0
870,privacy,0,0
871,privacy,0,0
872,privacy,0,0
873,privacy,0,0
874,privacy,1,0
875,privacy,0,0
876,privacy,0,0
877,privacy,1,0
878,privacy,1,0
879,privacy,1,0
880,privacy,1,1
881,privacy,1,0
882,privacy,0,0
883,privacy,1,1
884,privacy,1,1
885,privacy,1,1
886,privacy,0,0
887,privacy,1,0
888,privacy,1,1
889,privacy,1,0
890,privacy,1,0
891,privacy,0,0
892,privacy,0,0
893,privacy,1,0
894,privacy,1,0
895,privacy,1,0
896,privacy,0,0
897,privacy,0,0
898,privacy,0,0
899,privacy,1,0
900,privacy,0,0
901,privacy,0,0
902,privacy,0,0
903,privacy,1,1
904,privacy,0,0
905,privacy,0,0
906,privacy,1,1
907,privacy,0,0
908,privacy,0,0
909,privacy,0,0
910,privacy,0,0
911,privacy,0,0
912,privacy,1,1
913,privacy,1,1
914,privacy,0,0
915,privacy,0,0
916,privacy,0,0
917,privacy,0,0
918,privacy,1,0
919,privacy,1,0
920,privacy,0,0
921,privacy,0,0
922,privacy,1,0
923,privacy,0,0
924,privacy,1,0
925,privacy,0,0
926,privacy,1,0
927,privacy,1,1
928,privacy,1,1
929,privacy,0,0
930,privacy,1,0
931,privacy,1,0
932,privacy,1,0
933,privacy,1,0
934,privacy,1,0
935,privacy,1,0
936,privacy,0,0
937,privacy,0,0
938,privacy,0,0
939,privacy,1,0
940,privacy,1,0
941,privacy,1,0
942,privacy,1,0
943,privacy,1,0
944,privacy,1,0
945,privacy,0,0
946,privacy,1,0
947,privacy,1,0
948,privacy,1,1
949,privacy,0,0
950,privacy,0,0
951,privacy,0,0
952,privacy,1,0
953,privacy,1,0
954,privacy,0,0
955,privacy,0,0
956,privacy,1,1
957,privacy,0,0
958,privacy,0,0
959,privacy,1,0
960,privacy,0,0
961,privacy,0,0
962,privacy,0,0
963,privacy,0,0
964,privacy,0,0
965,privacy,0,0
966,privacy,1,1
967,privacy,0,0
968,privacy,1,0
969,privacy,0,0
970,privacy,0,0
971,privacy,0,0
972,privacy,0,0
973,privacy,1,1
974,privacy,0,0
975,privacy,1,0
976,privacy,1,1
977,privacy,1,1
978,privacy,1,0
979,privacy,0,0
980,privacy,1,0
981,privacy,1,1
982,privacy,1,0
983,privacy,1,0
984,privacy,1,0
985,privacy,1,1
986,privacy,1,0
987,privacy,0,0
988,privacy,1,1
989,privacy,1,1
990,privacy,1,1
991,privacy,1,1
992,privacy,1,1
993,privacy,0,0
994,privacy,1,0
995,privacy,0,0
996,privacy,1,0
997,privacy,1,1
998,privacy,0,0
999,privacy,1,1
1000,privacy,0,0
1001,privacy,0,0
1002,privacy,0,0
1003,privacy,0,0
1004,privacy,1,0
1005,privacy,1,0
1006,privacy,0,0
1007,privacy,0,0
1008,privacy,0,0
1009,privacy,1,0
1010,privacy,0,0
1011,privacy,1,1
1012,privacy,0,0
1013,privacy,0,0
1014,privacy,0,0
1015,privacy,0,0
1016,privacy,1,0
1017,privacy,0,0
1018,privacy,1,0
1019,privacy,0,0
1020,privacy,1,1
1021,privacy,0,0
1022,privacy,0,0
1023,privacy,0,0
1024,privacy,1,0
1025,privacy,0,0
1026,privacy,0,0
1027,privacy,1,0
1028,privacy,0,0
1029,privacy,0,0
1030,privacy,1,0
1031,privacy,0,0
1032,privacy,1,0
1033,privacy,0,0
1034,privacy,1,0
1035,privacy,0,0
1036,privacy,0,0
1037,privacy,0,0
1038,privacy,1,0
1039,privacy,0,0
1040,privacy,0,0
1041,privacy,1,1
1042,privacy,0,0
1043,privacy,0,0
1044,privacy,1,0
1045,privacy,0,0
1046,privacy,0,0
1047,privacy,0,0
1048,privacy,1,0
1049,privacy,1,0
1050,privacy,1,0
1051,privacy,0,0
1052,privacy,0,0
1053,privacy,0,0
1054,privacy,0,0
1055,privacy,1,0
1056,privacy,1,0
1057,privacy,0,0
1058,privacy,0,0
1059,privacy,1,0
1060,privacy,0,0
1061,privacy,1,1
1062,privacy,1,0
1063,privacy,0,0
1064,privacy,1,0
1065,privacy,0,0
1066,privacy,0,0
1067,privacy,0,0
1068,privacy,1,0
1069,privacy,0,0
1070,privacy,0,0
1071,privacy,1,0
1072,privacy,0,0
1073,privacy,1,1
1074,privacy,0,0
1075,privacy,1,0
1076,privacy,1,0
1077,privacy,0,0
1078,privacy,0,0
1079,privacy,1,1
1080,privacy,0,0
1081,privacy,0,0
1082,privacy,1,0
1083,privacy,1,0
1084,privacy,1,0
1085,privacy,0,0
1086,privacy,0,0
1087,privacy,1,1
1088,privacy,1,0
1089,privacy,1,0
1090,privacy,1,0
1091,privacy,0,0
1092,privacy,0,0
1093,privacy,0,0
1094,privacy,1,0
1095,privacy,1,0
1096,privacy,0,0
1097,privacy,0,0
1098,privacy,0,0
1099,privacy,1,0
1100,privacy,0,0
1101,privacy,1,1
1102,privacy,1,0
1103,privacy,0,0
1104,privacy,0,0
1105,privacy,0,0
1106,privacy,1,0
1107,privacy,1,0
1108,privacy,0,0
1109,privacy,0,0
1110,privacy,1,1
1111,privacy,1,0
1112,privacy,0,0
1113,privacy,0,0
1114,privacy,0,0
1115,privacy,0,0
1116,privacy,1,0
1117,privacy,0,0
1118,privacy,0,0
1119,privacy,1,0
1120,privacy,1,0
1121,privacy,1,0
1122,privacy,1,0
1123,privacy,0,0
1124,privacy,0,0
1125,privacy,0,0
1126,privacy,1,0
1127,privacy,1,0
1128,privacy,0,0
1129,privacy,0,0
1130,privacy,0,0
1131,privacy,0,0
1132,privacy,0,0
1133,privacy,0,0
1134,privacy,0,0
1135,privacy,0,0
1136,privacy,0,0
1137,privacy,0,0
1138,privacy,0,0
1139,privacy,0,0
1140,privacy,0,0
1141,privacy,1,0
1142,privacy,1,0
1143,privacy,1,0
1144,privacy,1,0
1145,privacy,0,0
1146,privacy,1,0
1147,privacy,0,0
1148,privacy,1,0
1149,privacy,1,1
1150,privacy,0,0
1151,privacy,0,0
1152,privacy,0,0
1153,privacy,0,0
1154,privacy,0,0
1155,privacy,0,0
1156,privacy,1,0
1157,privacy,1,0
1158,privacy,1,0
1159,privacy,1,0
1160,privacy,0,0
1161,privacy,1,0
1162,privacy,0,0
1163,privacy,0,0
1164,privacy,1,0
1165,privacy,1,0
1166,privacy,1,0
1167,privacy,1,0
1168,privacy,0,0
1169,privacy,0,0
1170,privacy,1,0
1171,privacy,1,0
1172,privacy,1,0
1173,privacy,0,0
1174,privacy,0,0
1175,privacy,0,0
1176,privacy,1,0
1177,privacy,0,0
1178,privacy,1,0
1179,privacy,1,0
1180,privacy,1,0
1181,privacy,1,0
1182,privacy,0,0
1183,privacy,0,0
1184,privacy,1,0
1185,privacy,1,0
1186,privacy,1,0
1187,privacy,0,0
1188,privacy,1,0
1189,privacy,0,0
1190,privacy,1,1
1191,privacy,1,0
1192,privacy,1,1
1193,privacy,1,1
1194,privacy,0,0
1195,privacy,1,0
1196,privacy,1,0
1197,privacy,0,0
1198,privacy,0,0
1199,privacy,1,0
1200,privacy,1,1
1201,privacy,0,0
1202,privacy,1,0
1203,privacy,1,1
1204,privacy,1,0
1205,privacy,0,0
1206,privacy,1,0
1207,privacy,1,0
1208,privacy,1,1
1209,privacy,1,1
1210,privacy,0,0
1211,privacy,1,0
1212,privacy,0,0
1213,privacy,1,0
1214,privacy,0,0
1215,privacy,0,0
1216,privacy,0,0
1217,privacy,1,0
1218,privacy,0,0
1219,privacy,0,0
1220,privacy,1,1
1221,privacy,1,0
1222,privacy,1,0
1223,privacy,1,0
1224,privacy,1,1
1225,privacy,1,0
1226,privacy,1,0
1227,privacy,0,0
1228,privacy,0,0
1229,privacy,0,0
1230,privacy,0,0
1231,privacy,0,0
1232,privacy,1,0
1233,privacy,0,0
1234,privacy,0,0
1235,privacy,1,0
1236,privacy,1,1
1237,privacy,0,0
1238,privacy,1,0
1239,privacy,1,0
1240,privacy,0,0
1241,privacy,1,1
1242,privacy,0,0
1243,privacy,0,0
1244,privacy,0,0
1245,privacy,0,0
1246,privacy,0,0
1247,privacy,0,0
1248,privacy,1,0
1249,privacy,1,0
1250,privacy,0,0
1251,privacy,0,0
1252,privacy,1,0
1253,privacy,0,0
1254,privacy,0,0
1255,privacy,1,0
1256,privacy,0,0
1257,privacy,1,0
1258,privacy,1,0
1259,privacy,1,1
1260,privacy,0,0
1261,privacy,0,0
1262,privacy,1,0
1263,privacy,1,0
1264,privacy,0,0
1265,privacy,0,0
1266,privacy,0,0
1267,privacy,0,0
1268,privacy,0,0
1269,privacy,0,0
1270,privacy,0,0
1271,privacy,1,0
1272,privacy,0,0
1273,privacy,0,0
1274,privacy,0,0
1275,privacy,0,0
1276,privacy,0,0
1277,privacy,1,0
1278,privacy,1,0
1279,privacy,0,0
1280,privacy,1,0
1281,privacy,1,1
1282,privacy,1,0
1283,privacy,0,0
1284,privacy,0,0
1285,privacy,1,0
1286,privacy,0,0
1287,privacy,0,0
1288,privacy,0,0
1289,privacy,0,0
1290,privacy,1,0
1291,privacy,1,0
1292,privacy,0,0
1293,privacy,1,1
1294,privacy,1,1
1295,privacy,0,0
1296,privacy,0,0
1297,privacy,0,0
1298,privacy,0,0
1299,privacy,0,0
1300,privacy,0,0
1301,privacy,0,0
1302,privacy,0,0
1303,privacy,1,0
1304,privacy,0,0
1305,privacy,0,0
1306,privacy,0,0
1307,privacy,1,0
1308,privacy,1,0
1309,privacy,1,0
1310,privacy,1,0
1311,privacy,0,0
1312,privacy,1,0
1313,privacy,0,0
1314,privacy,1,0
1315,privacy,0,0
1316,privacy,0,0
1317,privacy,0,0
1318,privacy,0,0
1319,privacy,1,0
1320,privacy,0,0
1321,privacy,0,0
1322,privacy,0,0
1323,privacy,0,0
1324,privacy,0,0
1325,privacy,0,0
1326,privacy,0,0
1327,privacy,0,0
1328,privacy,0,0
1329,privacy,0,0
1330,privacy,0,0
1331,privacy,0,0
1332,privacy,0,0
1333,privacy,1,1
1334,privacy,0,0
1335,privacy,0,0
1336,privacy,0,0
1337,privacy,0,0
1338,privacy,0,0
1339,privacy,0,0
1340,privacy,1,0
1341,privacy,0,0
1342,privacy,0,0
1343,privacy,0,0
1344,privacy,1,0
1345,privacy,0,0
1346,privacy,0,0
1347,privacy,1,0
1348,privacy,0,0
1349,privacy,1,0
1350,privacy,0,0
1351,privacy,0,0
1352,privacy,0,0
1353,privacy,0,0
1354,privacy,0,0
1355,privacy,0,0
1356,privacy,1,1
1357,privacy,0,0
1358,privacy,0,0
1359,privacy,1,1
1360,privacy,0,0
1361,privacy,1,0
1362,privacy,1,0
1363,privacy,1,0
1364,privacy,0,0
1365,privacy,1,0
1366,privacy,0,0
1367,privacy,0,0
1368,privacy,1,0
1369,privacy,1,0
1370,privacy,1,0
1371,privacy,0,0
1372,privacy,0,0
1373,privacy,0,0
1374,privacy,0,0
1375,privacy,0,0
1376,privacy,0,0
1377,privacy,0,0
1378,privacy,0,0
1379,privacy,0,0
1380,privacy,1,0
1381,privacy,1,0
1382,privacy,0,0
1383,privacy,0,0
1384,privacy,1,0
1385,privacy,0,0
1386,privacy,0,0
1387,privacy,0,0
1388,privacy,0,0
1389,privacy,0,0
1390,privacy,0,0
1391,privacy,1,0
1392,privacy,1,0
1393,privacy,1,0
1394,privacy,1,0
1395,privacy,1,0
1396,privacy,0,0
1397,privacy,1,0
1398,privacy,0,0
1399,privacy,0,0
1400,privacy,1,0
1401,privacy,1,0
1402,privacy,1,0
1403,privacy,0,0
1404,privacy,1,0
1405,privacy,1,0
1406,privacy,1,0
1407,privacy,1,0
1408,privacy,0,0
1409,privacy,1,0
1410,privacy,0,0
1411,privacy,1,0
1412,privacy,1,0
1413,privacy,1,0
1414,privacy,1,0
1415,privacy,1,0
1416,privacy,1,0
1417,privacy,1,0
1418,privacy,1,0
1419,privacy,1,1
1420,privacy,1,0
1421,privacy,1,0
1422,privacy,1,0
1423,privacy,0,0
1424,privacy,1,0
1425,privacy,1,0
1426,privacy,0,0
1427,privacy,0,0
1428,privacy,0,0
1429,privacy,0,0
1430,privacy,1,0
1431,privacy,1,0
1432,privacy,1,0
1433,privacy,1,0
1434,privacy,0,0
1435,privacy,1,0
1436,privacy,0,0
1437,privacy,1,0
1438,privacy,1,1
1439,privacy,0,0
1440,privacy,0,0
1441,privacy,0,0
1442,privacy,1,0
1443,privacy,0,0
1444,privacy,1,1
1445,privacy,0,0
1446,privacy,0,0
1447,privacy,0,0
1448,privacy,0,0
1449,privacy,1,0
1450,privacy,0,0
1451,privacy,0,0
1452,privacy,0,0
1453,privacy,0,0
1454,privacy,0,0
1455,privacy,0,0
1456,privacy,1,0
1457,privacy,0,0
1458,privacy,0,0
1459,privacy,0,0
1460,privacy,1,1
1461,privacy,0,0
1462,privacy,0,0
1463,privacy,0,0
1464,privacy,1,1
1465,privacy,1,0
1466,privacy,0,0
1467,privacy,1,0
1468,privacy,0,0
1469,privacy,0,0
1470,privacy,0,0
1471,privacy,0,0
1472,privacy,0,0
1473,privacy,1,0
1474,privacy,1,0
1475,privacy,0,0
1476,privacy,0,0
1477,privacy,1,0
1478,privacy,1,1
1479,privacy,0,0
1480,privacy,1,0
1481,privacy,0,0
1482,privacy,0,0
1483,privacy,0,0
1484,privacy,0,0
1485,privacy,0,0
1486,privacy,0,0
1487,privacy,0,0
1488,privacy,0,0
1489,privacy,1,1
1490,privacy,1,0
1491,privacy,1,0
1492,privacy,1,0
1493,privacy,0,0
1494,privacy,0,0
1495,privacy,0,0
1496,privacy,0,0
1497,privacy,1,0
1498,privacy,0,0
1499,privacy,1,0
1500,privacy,0,0
1501,privacy,1,1
1502,privacy,1,0
1503,privacy,1,0
1504,privacy,1,0
1505,privacy,0,0
1506,privacy,1,0
1507,privacy,1,0
1508,privacy,0,0
1509,privacy,1,1
1510,privacy,0,0
1511,privacy,1,1
1512,privacy,0,0
1513,privacy,0,0
1514,privacy,0,0
1515,privacy,0,0
1516,privacy,1,1
1517,privacy,1,0
1518,privacy,0,0
1519,privacy,0,0
1520,privacy,0,0
1521,privacy,0,0
1522,privacy,0,0
1523,privacy,0,0
1524,privacy,0,0
1525,privacy,0,0
1526,privacy,0,0
1527,privacy,1,0
1528,privacy,0,0
1529,privacy,0,0
1530,privacy,0,0
1531,privacy,0,0
1532,privacy,0,0
1533,privacy,1,0
1534,privacy,0,0
1535,privacy,1,0
1536,privacy,0,0
1537,privacy,1,0
1538,privacy,0,0
1539,privacy,1,1
1540,privacy,1,1
1541,privacy,0,0
1542,privacy,1,0
1543,privacy,1,0
1544,privacy,0,0
1545,privacy,1,0
1546,privacy,0,0
1547,privacy,0,0
1548,privacy,0,0
1549,privacy,1,0
1550,privacy,1,0
1551,privacy,0,0
1552,privacy,0,0
1553,privacy,1,0
1554,privacy,0,0
1555,privacy,0,0
1556,privacy,0,0
1557,privacy,0,0
1558,privacy,1,0
1559,privacy,0,0
1560,privacy,1,0
1561,privacy,1,0
1562,privacy,1,0
1563,privacy,0,0
1564,privacy,0,0
1565,privacy,1,0
1566,privacy,0,0
1567,privacy,0,0
1568,privacy,1,0
1569,privacy,0,0
1570,privacy,1,0
1571,privacy,1,0
1572,privacy,0,0
1573,privacy,0,0
1574,privacy,1,0
1575,privacy,0,0
1576,privacy,0,0
1577,privacy,0,0
1578,privacy,0,0
1579,privacy,0,0
1580,privacy,0,0
1581,privacy,0,0
1582,privacy,0,0
1583,privacy,0,0
1584,privacy,0,0
1585,privacy,0,0
1586,privacy,0,0
1587,privacy,0,0
1588,privacy,0,0
1589,privacy,0,0
1590,privacy,0,0
1591,privacy,1,0
1592,privacy,0,0
1593,privacy,0,0
1594,privacy,0,0
1595,privacy,0,0
1596,privacy,1,0
1597,privacy,0,0
1598,privacy,0,0
1599,privacy,1,0
1600,privacy,0,0
1601,privacy,0,0
1602,privacy,0,0
1603,privacy,1,0
1604,privacy,0,0
1605,privacy,0,0
1606,privacy,0,0
1607,privacy,0,0
1608,privacy,0,0
1609,privacy,0,0
1610,privacy,0,0
1611,privacy,1,1
1612,privacy,1,0
1613,privacy,1,0
1614,privacy,1,1
1615,privacy,0,0
1616,privacy,0,0
1617,privacy,1,0
1618,privacy,0,0
1619,privacy,0,0
1620,privacy,1,1
1621,privacy,0,0
1622,privacy,0,0
1623,privacy,0,0
1624,privacy,0,0
1625,privacy,0,0
1626,privacy,0,0
1627,privacy,0,0
1628,privacy,0,0
1629,privacy,0,0
1630,privacy,0,0
1631,privacy,0,0
1632,privacy,0,0
1633,privacy,0,0
1634,privacy,1,0
1635,privacy,0,0
1636,privacy,1,1
1637,privacy,0,0
1638,privacy,0,0
1639,privacy,0,0
1640,privacy,1,1
1641,privacy,1,0
1642,privacy,0,0
1643,privacy,0,0
1644,privacy,1,1
1645,privacy,0,0
1646,privacy,1,0
1647,privacy,1,0
1648,privacy,0,0
1649,privacy,0,0
1650,privacy,0,0
1651,privacy,1,0
1652,privacy,1,1
1653,privacy,0,0
1654,privacy,0,0
1655,privacy,0,0
1656,privacy,0,0
1657,privacy,0,0
1658,privacy,0,0
1659,privacy,0,0
1660,privacy,0,0
1661,privacy,0,0
1662,privacy,1,0
1663,privacy,0,0
1664,privacy,0,0
1665,privacy,0,0
1666,privacy,0,0
1667,privacy,1,0
1668,privacy,1,0
1669,privacy,1,0
1670,privacy,1,1
1671,privacy,0,0
1672,privacy,0,0
1673,privacy,0,0
1674,privacy,0,0
1675,privacy,1,1
1676,privacy,1,1
1677,privacy,0,0
1678,privacy,0,0
1679,privacy,0,0
1680,privacy,0,0
1681,privacy,0,0
1682,privacy,0,0
1683,privacy,1,0
1684,privacy,0,0
1685,privacy,0,0
1686,privacy,1,1
1687,privacy,1,1
1688,privacy,0,0
1689,privacy,0,0
1690,privacy,0,0
1691,privacy,0,0
1692,privacy,0,0
1693,privacy,0,0
1694,privacy,0,0
1695,privacy,1,0
1696,privacy,0,0
1697,privacy,0,0
1698,privacy,0,0
1699,privacy,0,0
1700,privacy,0,0
1701,privacy,0,0
1702,privacy,0,0
1703,privacy,0,0
1704,privacy,0,0
1705,privacy,0,0
1706,privacy,0,0
1707,privacy,1,1
1708,privacy,0,0
1709,privacy,1,1
1710,privacy,1,1
1711,privacy,1,1
1712,privacy,0,0
1713,privacy,1,0
1714,privacy,0,0
1715,privacy,0,0
1716,privacy,1,1
1717,privacy,0,0
1718,privacy,0,0
1719,privacy,1,0
1720,privacy,0,0
1721,privacy,0,0
1722,privacy,0,0
1723,privacy,0,0
1724,privacy,0,0
1725,privacy,0,0
1726,privacy,0,0
1727,privacy,0,0
1728,privacy,0,0
1729,privacy,1,0
1730,privacy,0,0
1731,privacy,0,0
1732,privacy,0,0
1733,privacy,0,0
1734,privacy,0,0
1735,privacy,1,0
1736,privacy,0,0
1737,privacy,1,0
1738,privacy,0,0
1739,privacy,1,0
1740,privacy,0,0
1741,privacy,0,0
1742,privacy,0,0
1743,privacy,1,0
1744,privacy,1,1
1745,privacy,0,0
1746,privacy,1,1
1747,privacy,0,0
1748,privacy,1,0
1749,privacy,0,0
1750,privacy,0,0
1751,privacy,1,0
1752,privacy,0,0
1753,privacy,1,0
1754,privacy,0,0
1755,privacy,0,0
1756,privacy,0,0
1757,privacy,0,0
1758,privacy,1,0
1759,privacy,0,0
1760,privacy,0,0
1761,privacy,1,0
1762,privacy,1,0
1763,privacy,0,0
1764,privacy,1,1
1765,privacy,1,0
1766,privacy,0,0
1767,privacy,1,0
1768,privacy,1,1
1769,privacy,0,0
1770,privacy,0,0
1771,privacy,1,0
1772,privacy,0,0
1773,privacy,0,0
1774,privacy,0,0
1775,privacy,0,0
1776,privacy,1,1
1777,privacy,0,0
1778,privacy,0,0
1779,privacy,0,0
1780,privacy,1,1
1781,privacy,0,0
1782,privacy,1,0
1783,privacy,1,0
1784,privacy,0,0
1785,privacy,1,1
1786,privacy,1,1
1787,privacy,1,1
1788,privacy,1,1
1789,privacy,0,0
1790,privacy,1,1
1791,privacy,1,1
1792,privacy,0,0
1793,privacy,1,1
1794,privacy,0,0
1795,privacy,0,0
1796,privacy,0,0
1797,privacy,0,0
1798,privacy,1,1
1799,privacy,1,1
1800,privacy,0,0
1801,privacy,1,1
1802,privacy,0,0
1803,privacy,0,0
1804,privacy,1,1
1805,privacy,0,0
1806,privacy,0,0
1807,privacy,0,0
1808,privacy,0,0
1809,privacy,0,0
1810,privacy,0,0
1811,privacy,0,0
1812,privacy,1,1
1813,privacy,0,0
1814,privacy,1,1
1815,privacy,0,0
1816,privacy,1,1
1817,privacy,0,0
1818,privacy,1,1
1819,privacy,0,0
1820,privacy,1,1
1821,privacy,0,0
1822,privacy,1,1
1823,privacy,1,1
1824,privacy,0,0
1825,privacy,0,0
1826,privacy,0,0
1827,privacy,0,0
1828,privacy,0,0
1829,privacy,1,1
1830,privacy,1,1
1831,privacy,1,0
1832,privacy,1,0
1833,privacy,0,0
1834,privacy,0,0
1835,privacy,0,0
1836,privacy,1,0
1837,privacy,1,0
1838,privacy,0,0
1839,privacy,0,0
1840,privacy,0,0
1841,privacy,0,0
1842,privacy,0,0
1843,privacy,0,0
1844,privacy,0,0
1845,privacy,1,0
1846,privacy,0,0
1847,privacy,1,1
1848,privacy,0,0
1849,privacy,0,0
1850,privacy,0,0
1851,privacy,0,0
1852,privacy,0,0
1853,privacy,1,1
1854,privacy,0,0
1855,privacy,0,0
1856,privacy,0,0
1857,privacy,1,1
1858,privacy,0,0
1859,privacy,0,0
1860,privacy,0,0
1861,privacy,0,0
1862,privacy,1,1
1863,privacy,1,0
1864,privacy,0,0
1865,privacy,0,0
1866,privacy,1,0
1867,privacy,0,0
1868,privacy,1,1
1869,privacy,0,0
1870,privacy,0,0
1871,privacy,1,0
1872,privacy,1,0
1873,privacy,0,0
1874,privacy,1,0
1875,privacy,0,0
1876,privacy,1,1
1877,privacy,0,0
1878,privacy,1,0
1879,privacy,0,0
1880,privacy,0,0
1881,privacy,0,0
1882,privacy,1,0
1883,privacy,0,0
1884,privacy,1,0
1885,privacy,0,0
1886,privacy,0,0
1887,privacy,0,0
1888,privacy,0,0
1889,privacy,0,0
1890,privacy,1,0
1891,privacy,0,0
1892,privacy,0,0
1893,privacy,0,0
1894,privacy,1,0
1895,privacy,0,0
1896,privacy,1,0
1897,privacy,0,0
1898,privacy,1,0
1899,privacy,0,0
1900,privacy,1,0
1901,privacy,1,0
1902,privacy,1,1
1903,privacy,0,0
1904,privacy,1,0
1905,privacy,1,0
1906,privacy,0,0
1907,privacy,0,0
1908,privacy,1,0
1909,privacy,1,0
1910,privacy,1,0
1911,privacy,1,0
1912,privacy,0,0
1913,privacy,1,0
1914,privacy,1,0
1915,privacy,1,0
1916,privacy,1,0
1917,privacy,1,0
1918,privacy,1,0
1919,privacy,0,0
1920,privacy,1,0
1921,privacy,0,0
1922,privacy,0,0
1923,privacy,1,0
1924,privacy,1,1
1925,privacy,0,0
1926,privacy,0,0
1927,privacy,1,0
1928,privacy,0,0
1929,privacy,0,0
1930,privacy,0,0
1931,privacy,0,0
1932,privacy,0,0
1933,privacy,1,0
1934,privacy,1,0
1935,privacy,0,0
1936,privacy,0,0
1937,privacy,0,0
1938,privacy,0,0
1939,privacy,0,0
1940,privacy,1,0
1941,privacy,0,0
1942,privacy,0,0
1943,privacy,0,0
1944,privacy,0,0
1945,privacy,1,0
1946,privacy,0,0
1947,privacy,0,0
1948,privacy,0,0
1949,privacy,0,0
1950,privacy,1,1
1951,privacy,0,0
1952,privacy,1,0
1953,privacy,1,0
1954,privacy,1,0
1955,privacy,1,1
1956,privacy,1,1
1957,privacy,1,0
1958,privacy,0,0
1959,privacy,0,0
1960,privacy,0,0
1961,privacy,1,1
1962,privacy,1,0
1963,privacy,0,0
1964,privacy,1,1
1965,privacy,1,1
1966,privacy,1,0
1967,privacy,1,1
1968,privacy,1,0
1969,privacy,0,0
1970,privacy,1,1
1971,privacy,1,0
1972,privacy,1,1
1973,privacy,0,0
1974,privacy,0,0
1975,privacy,0,0
1976,privacy,0,0
1977,privacy,0,0
1978,privacy,0,0
1979,privacy,0,0
1980,privacy,0,0
1981,privacy,1,1
1982,privacy,0,0
1983,privacy,0,0
1984,privacy,0,0
1985,privacy,0,0
1986,privacy,1,0
1987,privacy,1,0
1988,privacy,0,0
1989,privacy,0,0
1990,privacy,0,0
1991,privacy,1,0
1992,privacy,0,0
1993,privacy,0,0
1994,privacy,1,0
1995,privacy,1,0
1996,privacy,0,0
1997,privacy,0,0
1998,privacy,0,0
1999,privacy,1,0
2000,privacy,0,0
2001,privacy,0,0
2002,privacy,1,0
2003,privacy,1,0
2004,privacy,0,0
2005,privacy,1,0
2006,privacy,0,0
2007,privacy,0,0
2008,privacy,0,0
2009,privacy,0,0
2010,privacy,0,0
2011,privacy,1,0
2012,privacy,0,0
2013,privacy,1,0
2014,privacy,0,0
2015,privacy,1,0
2016,privacy,0,0
2017,privacy,0,0
2018,privacy,0,0
2019,privacy,0,0
2020,privacy,1,1
2021,privacy,1,1
2022,privacy,0,0
2023,privacy,1,0
2024,privacy,1,0
2025,privacy,0,0
2026,privacy,0,0
2027,privacy,0,0
2028,privacy,1,1
2029,privacy,1,0
2030,privacy,1,1
2031,privacy,1,0
2032,privacy,1,0
2033,privacy,1,1
2034,privacy,1,0
2035,privacy,0,0
2036,privacy,1,0
2037,privacy,0,0
2038,privacy,0,0
2039,privacy,1,1
2040,privacy,1,0
2041,privacy,0,0
2042,privacy,1,0
2043,privacy,0,0
2044,privacy,1,0
2045,privacy,1,1
2046,privacy,0,0
2047,privacy,1,1
2048,privacy,1,0
2049,privacy,1,0
2050,privacy,0,0
2051,privacy,0,0
2052,privacy,0,0
2053,privacy,1,0
2054,privacy,0,0
2055,privacy,0,0
2056,privacy,0,0
2057,privacy,0,0
2058,privacy,1,0
2059,privacy,1,1
2060,privacy,0,0
2061,privacy,1,0
2062,privacy,0,0
2063,privacy,0,0
2064,privacy,0,0
2065,privacy,0,0
2066,privacy,0,0
2067,privacy,0,0
2068,privacy,0,0
2069,privacy,0,0
2070,privacy,1,0
2071,privacy,0,0
2072,privacy,1,0
2073,privacy,1,0
2074,privacy,1,0
2075,privacy,0,0
2076,privacy,0,0
2077,privacy,1,0
2078,privacy,0,0
2079,privacy,0,0
2080,privacy,1,0
2081,privacy,0,0
2082,privacy,0,0
2083,privacy,1,0
2084,privacy,1,0
2085,privacy,0,0
2086,privacy,1,0
2087,privacy,0,0
2088,privacy,0,0
2089,privacy,1,0
2090,privacy,0,0
2091,privacy,0,0
2092,privacy,0,0
2093,privacy,0,0
2094,privacy,1,1
2095,privacy,0,0
2096,privacy,1,0
2097,privacy,1,0
2098,privacy,0,0
2099,privacy,0,0
2100,privacy,1,0
2101,privacy,1,0
2102,privacy,1,0
2103,privacy,0,0
2104,privacy,1,0
2105,privacy,1,0
2106,privacy,1,0
2107,privacy,0,0
2108,privacy,0,0
2109,privacy,0,0
2110,privacy,1,0
2111,privacy,1,1
2112,privacy,0,0
2113,privacy,0,0
2114,privacy,0,0
2115,privacy,0,0
2116,privacy,0,0
2117,privacy,1,0
2118,privacy,1,0
2119,privacy,0,0
2120,privacy,1,0
2121,privacy,0,0
2122,privacy,1,0
2123,privacy,1,0
2124,privacy,1,1
2125,privacy,1,1
2126,privacy,1,0
2127,privacy,0,0
2128,privacy,0,0
2129,privacy,0,0
2130,privacy,0,0
2131,privacy,0,0
2132,privacy,1,0
2133,privacy,0,0
2134,privacy,1,0
2135,privacy,1,0
2136,privacy,1,0
2137,privacy,0,0
2138,privacy,0,0
2139,privacy,0,0
2140,privacy,1,0
2141,privacy,1,1
2142,privacy,1,0
2143,privacy,0,0
2144,privacy,0,0
2145,privacy,0,0
2146,privacy,0,0
2147,privacy,0,0
2148,privacy,0,0
2149,privacy,0,0
2150,privacy,0,0
2151,privacy,1,0
2152,privacy,0,0
2153,privacy,0,0
2154,privacy,0,0
2155,privacy,0,0
2156,privacy,0,0
2157,privacy,1,0
2158,privacy,0,0
2159,privacy,1,1
2160,privacy,0,0
2161,privacy,1,1
2162,privacy,1,0
2163,privacy,0,0
2164,privacy,1,0
2165,privacy,0,0
2166,privacy,0,0
2167,privacy,0,0
2168,privacy,1,0
2169,privacy,0,0
2170,privacy,0,0
2171,privacy,0,0
2172,privacy,1,1
2173,privacy,0,0
2174,privacy,1,1
2175,privacy,0,0
2176,privacy,0,0
2177,privacy,1,0
2178,privacy,1,0
2179,privacy,0,0
2180,privacy,0,0
2181,privacy,1,1
2182,privacy,1,1
2183,privacy,0,0
2184,privacy,0,0
2185,privacy,1,0
2186,privacy,1,0
2187,privacy,1,0
2188,privacy,0,0
2189,privacy,1,0
2190,privacy,0,0
2191,privacy,0,0
2192,privacy,1,0
2193,privacy,1,0
2194,privacy,0,0
2195,privacy,1,0
2196,privacy,1,0
2197,privacy,1,1
2198,privacy,1,0
2199,privacy,0,0
2200,privacy,0,0
2201,privacy,1,0
2202,privacy,0,0
2203,privacy,0,0
2204,privacy,0,0
2205,privacy,1,1
2206,privacy,0,0
2207,privacy,1,1
2208,privacy,1,1
2209,privacy,0,0
2210,privacy,1,1
2211,privacy,1,1
2212,privacy,0,0
2213,privacy,0,0
2214,privacy,1,1
2215,privacy,0,0
2216,privacy,1,1
2217,privacy,0,0
2218,privacy,0,0
2219,privacy,0,0
2220,privacy,1,1
2221,privacy,1,1
2222,privacy,1,1
2223,privacy,0,0
2224,privacy,1,1
2225,privacy,0,0
2226,privacy,0,0
2227,privacy,0,0
2228,privacy,1,1
2229,privacy,1,1
2230,privacy,0,0
2231,privacy,0,0
2232,privacy,0,0
2233,privacy,0,0
2234,privacy,0,0
2235,privacy,0,0
2236,privacy,1,1
2237,privacy,1,1
2238,privacy,0,0
2239,privacy,0,0
2240,privacy,0,0
2241,privacy,0,0
2242,privacy,0,0
2243,privacy,1,1
2244,privacy,0,0
2245,privacy,0,0
2246,privacy,0,0
2247,privacy,1,1
2248,privacy,0,0
2249,privacy,0,0
2250,privacy,0,0
2251,privacy,0,0
2252,privacy,0,0
2253,privacy,1,1
2254,privacy,0,0
2255,privacy,0,0
2256,privacy,1,1
2257,privacy,0,0
2258,privacy,0,0
2259,privacy,0,0
2260,privacy,0,0
2261,privacy,1,1
2262,privacy,0,0
2263,privacy,0,0
2264,privacy,0,0
2265,privacy,1,1
2266,privacy,1,1
2267,privacy,0,0
2268,privacy,1,1
2269,privacy,0,0
2270,privacy,1,1
2271,privacy,1,1
2272,privacy,0,0
2273,privacy,0,0
2274,privacy,0,0
2275,privacy,1,1
2276,privacy,0,0
2277,privacy,1,1
2278,privacy,0,0
2279,privacy,0,0
2280,privacy,1,1
2281,privacy,0,0
2282,privacy,0,0
2283,privacy,0,0
2284,privacy,0,0
2285,privacy,1,1
2286,privacy,0,0
2287,privacy,0,0
2288,privacy,1,1
2289,privacy,1,1
2290,privacy,0,0
2291,privacy,1,1
2292,privacy,0,0
2293,privacy,1,1
2294,privacy,0,0
2295,privacy,0,0
2296,privacy,1,1
2297,privacy,1,1
2298,privacy,1,1
2299,privacy,0,0
2300,privacy,0,0
2301,privacy,0,0
2302,privacy,0,0
2303,privacy,1,1
2304,privacy,1,1
2305,privacy,1,1
2306,privacy,0,0
2307,privacy,1,1
2308,privacy,0,0
2309,privacy,0,0
2310,privacy,0,0
2311,privacy,1,1
2312,privacy,1,1
2313,privacy,1,0
2314,privacy,1,1
2315,privacy,0,0
2316,privacy,0,0
2317,privacy,1,0
2318,privacy,1,0
2319,privacy,0,0
2320,privacy,0,0
2321,privacy,0,0
2322,privacy,1,0
2323,privacy,0,0
2324,privacy,0,0
2325,privacy,1,0
2326,privacy,0,0
2327,privacy,0,0
2328,privacy,1,0
2329,privacy,0,0
2330,privacy,0,0
2331,privacy,0,0
2332,privacy,0,0
2333,privacy,1,0
2334,privacy,0,0
2335,privacy,0,0
2336,privacy,0,0
2337,privacy,0,0
2338,privacy,1,0
2339,privacy,0,0
2340,privacy,0,0
2341,privacy,0,0
2342,privacy,0,0
2343,privacy,0,0
2344,privacy,1,0
2345,privacy,1,0
2346,privacy,0,0
2347,privacy,0,0
2348,privacy,1,0
2349,privacy,1,1
2350,privacy,1,0
2351,privacy,0,0
2352,privacy,0,0
2353,privacy,1,0
2354,privacy,1,0
2355,privacy,0,0
2356,privacy,1,0
2357,privacy,0,0
2358,privacy,0,0
2359,privacy,0,0
2360,privacy,1,0
2361,privacy,0,0
2362,privacy,1,0
2363,privacy,0,0
2364,privacy,1,1
2365,privacy,0,0
2366,privacy,1,0
2367,privacy,1,0
2368,privacy,0,0
2369,privacy,0,0
2370,privacy,1,0
2371,privacy,0,0
2372,privacy,1,0
2373,privacy,1,0
2374,privacy,1,0
2375,privacy,0,0
2376,privacy,0,0
2377,privacy,1,0
2378,privacy,0,0
2379,privacy,1,0
2380,privacy,1,0
2381,privacy,0,0
2382,privacy,0,0
2383,privacy,0,0
2384,privacy,0,0
2385,privacy,0,0
2386,privacy,1,0
2387,privacy,0,0
2388,privacy,1,0
2389,privacy,1,0
2390,privacy,1,0
2391,privacy,1,0
2392,privacy,1,0
2393,privacy,1,0
2394,privacy,1,0
2395,privacy,1,1
2396,privacy,0,0
2397,privacy,0,0
2398,privacy,0,0
2399,privacy,1,1
2400,privacy,0,0
2401,privacy,0,0
2402,privacy,0,0
2403,privacy,0,0
2404,privacy,0,0
2405,privacy,1,1
2406,privacy,1,1
2407,privacy,1,0
2408,privacy,1,1
2409,privacy,1,1
2410,privacy,0,0
2411,privacy,0,0
2412,privacy,0,0
2413,privacy,1,0
2414,privacy,0,0
2415,privacy,0,0
2416,privacy,0,0
2417,privacy,0,0
2418,privacy,0,0
2419,privacy,0,0
2420,privacy,1,1
2421,privacy,1,0
2422,privacy,1,1
2423,privacy,1,1
2424,privacy,1,0
2425,privacy,0,0
2426,privacy,0,0
2427,privacy,0,0
2428,privacy,0,0
2429,privacy,0,0
2430,privacy,0,0
2431,privacy,0,0
2432,privacy,0,0
2433,privacy,0,0
2434,privacy,0,0
2435,privacy,0,0
2436,privacy,0,0
2437,privacy,0,0
2438,privacy,1,0
2439,privacy,1,1
2440,privacy,0,0
2441,privacy,0,0
2442,privacy,0,0
2443,privacy,0,0
2444,privacy,1,1
2445,privacy,0,0
2446,privacy,1,0
2447,privacy,0,0
2448,privacy,0,0
2449,privacy,0,0
2450,privacy,0,0
2451,privacy,1,1
2452,privacy,0,0
2453,privacy,1,1
2454,privacy,0,0
2455,privacy,1,1
2456,privacy,0,0
2457,privacy,0,0
2458,privacy,0,0
2459,privacy,0,0
2460,privacy,1,0
2461,privacy,1,0
2462,privacy,1,0
2463,privacy,1,0
2464,privacy,1,0
2465,privacy,0,0
2466,privacy,0,0
2467,privacy,1,0
2468,privacy,1,0
2469,privacy,0,0
2470,privacy,1,0
2471,privacy,1,0
2472,privacy,0,0
2473,privacy,0,0
2474,privacy,0,0
2475,privacy,0,0
2476,privacy,1,0
2477,privacy,1,0
2478,privacy,1,1
2479,privacy,0,0
2480,privacy,1,0
2481,privacy,0,0
2482,privacy,1,0
2483,privacy,0,0
2484,privacy,0,0
2485,privacy,0,0
2486,privacy,0,0
2487,privacy,1,0
2488,privacy,1,0
2489,privacy,0,0
2490,privacy,1,0
2491,privacy,0,0
2492,privacy,0,0
2493,privacy,1,0
2494,privacy,0,0
2495,privacy,0,0
2496,privacy,0,0
2497,privacy,0,0
2498,privacy,1,0
2499,privacy,1,0
2500,privacy,1,0
2501,privacy,0,0
2502,privacy,0,0
2503,privacy,0,0
2504,privacy,0,0
2505,privacy,1,0
2506,privacy,0,0
2507,privacy,1,0
2508,privacy,0,0
2509,privacy,0,0
2510,privacy,1,0
2511,privacy,1,0
2512,privacy,1,1
2513,privacy,0,0
2514,privacy,1,1
2515,privacy,1,0
2516,privacy,1,0
2517,privacy,0,0
2518,privacy,1,0
2519,privacy,0,0
2520,privacy,0,0
2521,privacy,0,0
2522,privacy,1,1
2523,privacy,1,0
2524,privacy,1,0
2525,privacy,0,0
2526,privacy,0,0
2527,privacy,0,0
2528,privacy,1,0
2529,privacy,0,0
2530,privacy,0,0
2531,privacy,1,0
2532,privacy,1,1
2533,privacy,0,0
2534,privacy,0,0
2535,privacy,0,0
2536,privacy,1,0
2537,privacy,0,0
2538,privacy,1,0
2539,privacy,1,0
2540,privacy,1,0
2541,privacy,0,0
2542,privacy,0,0
2543,privacy,0,0
2544,privacy,0,0
2545,privacy,0,0
2546,privacy,1,0
2547,privacy,0,0
2548,privacy,0,0
2549,privacy,0,0
2550,privacy,0,0
2551,privacy,0,0
2552,privacy,0,0
2553,privacy,0,0
2554,privacy,0,0
2555,privacy,0,0
2556,privacy,0,0
2557,privacy,0,0
2558,privacy,0,0
2559,privacy,0,0
2560,privacy,0,0
2561,privacy,1,0
2562,privacy,0,0
2563,privacy,0,0
2564,privacy,0,0
2565,privacy,1,0
2566,privacy,1,0
2567,privacy,0,0
2568,privacy,0,0
2569,privacy,0,0
2570,privacy,0,0
2571,privacy,0,0
2572,privacy,0,0
2573,privacy,0,0
2574,privacy,0,0
2575,privacy,0,0
2576,privacy,1,0
2577,privacy,1,0
2578,privacy,1,0
2579,privacy,0,0
2580,privacy,0,0
2581,privacy,0,0
2582,privacy,1,1
2583,privacy,1,1
2584,privacy,1,0
2585,privacy,1,0
2586,privacy,1,0
2587,privacy,0,0
2588,privacy,0,0
2589,privacy,1,0
2590,privacy,0,0
2591,privacy,0,0
2592,privacy,0,0
2593,privacy,0,0
2594,privacy,1,0
2595,privacy,0,0
2596,privacy,1,1
2597,privacy,1,0
2598,privacy,0,0
2599,privacy,1,1
2600,privacy,1,0
2601,privacy,0,0
2602,privacy,1,1
2603,privacy,0,0
2604,privacy,0,0
2605,privacy,1,1
2606,privacy,0,0
2607,privacy,1,0
2608,privacy,0,0
2609,privacy,1,0
2610,privacy,1,1
2611,privacy,0,0
2612,privacy,1,0
2613,privacy,1,0
2614,privacy,1,0
2615,privacy,1,1
2616,privacy,1,1
2617,privacy,0,0
2618,privacy,1,0
2619,privacy,1,1
2620,privacy,0,0
2621,privacy,0,0
2622,privacy,1,0
2623,privacy,0,0
2624,privacy,0,0
2625,privacy,0,0
2626,privacy,0,0
2627,privacy,1,0
2628,privacy,0,0
2629,privacy,0,0
2630,privacy,1,1
2631,privacy,1,0
2632,privacy,0,0
2633,privacy,0,0
2634,privacy,1,1
2635,privacy,1,0
2636,privacy,1,0
2637,privacy,1,1
2638,privacy,0,0
2639,privacy,1,1
2640,privacy,1,1
2641,privacy,0,0
2642,privacy,0,0
2643,privacy,1,0
2644,privacy,0,0
2645,privacy,0,0
2646,privacy,0,0
2647,privacy,0,0
2648,privacy,1,0
2649,privacy,0,0
2650,privacy,1,1
2651,privacy,0,0
2652,privacy,0,0
2653,privacy,0,0
2654,privacy,1,0
2655,privacy,1,0
2656,privacy,1,1
2657,privacy,0,0
2658,privacy,0,0
2659,privacy,0,0
2660,privacy,0,0
2661,privacy,1,0
2662,privacy,1,1
2663,privacy,1,1
2664,privacy,1,1
2665,privacy,1,0
2666,privacy,0,0
2667,privacy,0,0
2668,privacy,0,0
2669,privacy,1,0
2670,privacy,0,0
2671,privacy,1,1
2672,privacy,0,0
2673,privacy,0,0
2674,privacy,0,0
2675,privacy,0,0
2676,privacy,0,0
2677,privacy,1,0
2678,privacy,0,0
2679,privacy,0,0
2680,privacy,1,0
2681,privacy,1,0
2682,privacy,0,0
2683,privacy,0,0
2684,privacy,0,0
2685,privacy,0,0
2686,privacy,1,1
2687,privacy,0,0
2688,privacy,0,0
2689,privacy,1,1
2690,privacy,0,0
2691,privacy,0,0
2692,privacy,1,0
2693,privacy,0,0
2694,privacy,0,0
2695,privacy,1,0
2696,privacy,1,0
2697,privacy,0,0
2698,privacy,1,0
2699,privacy,1,0
2700,privacy,0,0
2701,privacy,0,0
2702,privacy,0,0
2703,privacy,1,0
2704,privacy,0,0
2705,privacy,1,1
2706,privacy,0,0
2707,privacy,0,0
2708,privacy,0,0
2709,privacy,1,1
2710,privacy,1,1
2711,privacy,0,0
2712,privacy,0,0
2713,privacy,1,0
2714,privacy,1,1
2715,privacy,1,1
2716,privacy,0,0
2717,privacy,1,0
2718,privacy,1,0
2719,privacy,1,0
2720,privacy,1,1
2721,privacy,0,0
2722,privacy,0,0
2723,privacy,0,0
2724,privacy,1,1
2725,privacy,0,0
2726,privacy,0,0
2727,privacy,0,0
2728,privacy,0,0
2729,privacy,1,0
2730,privacy,1,0
2731,privacy,0,0
2732,privacy,0,0
2733,privacy,0,0
2734,privacy,0,0
2735,privacy,1,0
2736,privacy,1,0
2737,privacy,0,0
2738,privacy,0,0
2739,privacy,0,0
2740,privacy,0,0
2741,privacy,0,0
2742,privacy,1,1
2743,privacy,1,1
2744,privacy,1,0
2745,privacy,0,0
2746,privacy,1,1
2747,privacy,0,0
2748,privacy,1,0
2749,privacy,0,0
2750,privacy,0,0
2751,privacy,0,0
2752,privacy,0,0
2753,privacy,1,0
2754,privacy,0,0
2755,privacy,1,1
2756,privacy,0,0
2757,privacy,1,0
2758,privacy,1,0
2759,privacy,0,0
2760,privacy,1,1
2761,privacy,0,0
2762,privacy,0,0
2763,privacy,0,0
2764,privacy,0,0
2765,privacy,1,1
2766,privacy,1,1
2767,privacy,1,0
2768,privacy,1,1
2769,privacy,1,1
2770,privacy,0,0
2771,privacy,0,0
2772,privacy,1,0
2773,privacy,1,1
2774,privacy,1,0
2775,privacy,0,0
2776,privacy,0,0
2777,privacy,0,0
2778,privacy,1,0
2779,privacy,1,1
2780,privacy,0,0
2781,privacy,0,0
2782,privacy,1,0
2783,privacy,0,0
2784,privacy,1,1
2785,privacy,0,0
2786,privacy,1,0
2787,privacy,1,0
2788,privacy,1,0
2789,privacy,1,0
2790,privacy,0,0
2791,privacy,1,0
2792,privacy,0,0
2793,privacy,1,1
2794,privacy,0,0
2795,privacy,0,0
2796,privacy,1,0
2797,privacy,1,0
2798,privacy,0,0
2799,privacy,1,0
2800,privacy,0,0
2801,privacy,0,0
2802,privacy,0,0
2803,privacy,1,0
2804,privacy,1,0
2805,privacy,0,0
2806,privacy,0,0
2807,privacy,1,0
2808,privacy,0,0
2809,privacy,0,0
2810,privacy,1,0
2811,privacy,0,0
2812,privacy,1,0
2813,privacy,0,0
2814,privacy,1,0
2815,privacy,0,0
2816,privacy,0,0
2817,privacy,0,0
2818,privacy,1,1
2819,privacy,1,0
2820,privacy,0,0
2821,privacy,1,0
2822,privacy,1,0
2823,privacy,1,0
2824,privacy,0,0
2825,privacy,0,0
2826,privacy,1,1
2827,privacy,0,0
2828,privacy,0,0
2829,privacy,0,0
2830,privacy,0,0
2831,privacy,0,0
2832,privacy,0,0
2833,privacy,1,0
2834,privacy,1,1
2835,privacy,0,0
2836,privacy,1,1
2837,privacy,0,0
2838,privacy,1,0
2839,privacy,1,1
2840,privacy,0,0
2841,privacy,0,0
2842,privacy,0,0
2843,privacy,1,0
2844,privacy,1,0
2845,privacy,0,0
2846,privacy,0,0
2847,privacy,0,0
2848,privacy,0,0
2849,privacy,1,0
2850,privacy,0,0
2851,privacy,0,0
2852,privacy,0,0
2853,privacy,0,0
2854,privacy,0,0
2855,privacy,1,1
2856,privacy,1,1
2857,privacy,1,0
2858,privacy,0,0
2859,privacy,1,0
2860,privacy,0,0
2861,privacy,1,1
2862,privacy,0,0
2863,privacy,1,0
2864,privacy,0,0
2865,privacy,1,1
2866,privacy,1,0
2867,privacy,0,0
2868,privacy,0,0
2869,privacy,0,0
2870,privacy,0,0
2871,privacy,0,0
2872,privacy,1,0
2873,privacy,0,0
2874,privacy,0,0
2875,privacy,1,1
2876,privacy,0,0
2877,privacy,0,0
2878,privacy,1,0
2879,privacy,1,1
2880,privacy,1,0
2881,privacy,0,0
2882,privacy,1,0
2883,privacy,0,0
2884,privacy,0,0
2885,privacy,0,0
2886,privacy,1,0
2887,privacy,0,0
2888,privacy,0,0
2889,privacy,0,0
2890,privacy,0,0
2891,privacy,1,1
2892,privacy,1,0
2893,privacy,0,0
2894,privacy,0,0
2895,privacy,1,0
2896,privacy,1,0
2897,privacy,0,0
2898,privacy,0,0
2899,privacy,1,1
2900,privacy,0,0
2901,privacy,0,0
2902,privacy,0,0
2903,privacy,0,0
2904,privacy,0,0
2905,privacy,1,1
2906,privacy,0,0
2907,privacy,0,0
2908,privacy,1,1
2909,privacy,0,0
2910,privacy,1,0
2911,privacy,0,0
2912,privacy,0,0
2913,privacy,0,0
2914,privacy,0,0
2915,privacy,0,0
2916,privacy,0,0
2917,privacy,0,0
2918,privacy,1,0
2919,privacy,1,1
2920,privacy,0,0
2921,privacy,0,0
2922,privacy,1,0
2923,privacy,0,0
2924,privacy,1,1
2925,privacy,0,0
2926,privacy,1,0
2927,privacy,0,0
2928,privacy,1,0
2929,privacy,0,0
2930,privacy,1,0
2931,privacy,0,0
2932,privacy,0,0
2933,privacy,1,0
2934,privacy,1,1
2935,privacy,1,0
2936,privacy,0,0
2937,privacy,0,0
2938,privacy,1,0
2939,privacy,0,0
2940,privacy,0,0
2941,privacy,1,1
2942,privacy,1,0
2943,privacy,0,0
2944,privacy,1,1
2945,privacy,0,0
2946,privacy,0,0
2947,privacy,1,0
2948,privacy,0,0
2949,privacy,0,0
2950,privacy,0,0
2951,privacy,0,0
2952,privacy,1,1
2953,privacy,1,0
2954,privacy,1,0
2955,privacy,1,0
2956,privacy,0,0
2957,privacy,1,0
2958,privacy,0,0
2959,privacy,1,0
2960,privacy,0,0
2961,privacy,1,0
2962,privacy,1,0
2963,privacy,0,0
2964,privacy,1,0
2965,privacy,1,1
2966,privacy,1,1
2967,privacy,0,0
2968,privacy,1,1
2969,privacy,0,0
2970,privacy,0,0
2971,privacy,0,0
2972,privacy,1,1
2973,privacy,1,0
2974,privacy,0,0
2975,privacy,0,0
2976,privacy,0,0
2977,privacy,0,0
2978,privacy,1,0
2979,privacy,0,0
2980,privacy,0,0
2981,privacy,1,1
2982,privacy,0,0
2983,privacy,1,0
2984,privacy,0,0
2985,privacy,0,0
2986,privacy,0,0
2987,privacy,0,0
2988,privacy,0,0
2989,privacy,0,0
2990,privacy,0,0
2991,privacy,0,0
2992,privacy,1,0
2993,privacy,0,0
2994,privacy,0,0
2995,privacy,0,0
2996,privacy,0,0
2997,privacy,0,0
2998,privacy,0,0
2999,privacy,0,0
3000,privacy,0,0
3001,privacy,0,0
3002,privacy,0,0
3003,privacy,0,0
3004,privacy,0,0
3005,privacy,0,0
3006,privacy,0,0
3007,privacy,1,0
3008,privacy,1,0
3009,privacy,1,0
3010,privacy,0,0
3011,privacy,1,0
3012,privacy,1,1
3013,privacy,0,0
3014,privacy,0,0
3015,privacy,0,0
3016,privacy,0,0
3017,privacy,0,0
3018,privacy,0,0
3019,privacy,0,0
3020,privacy,1,0
3021,privacy,0,0
3022,privacy,0,0
3023,privacy,0,0
3024,privacy,1,1
3025,privacy,0,0
3026,privacy,0,0
3027,privacy,0,0
3028,privacy,1,1
3029,privacy,0,0
3030,privacy,0,0
3031,privacy,1,0
3032,privacy,0,0
3033,privacy,0,0
3034,privacy,0,0
3035,privacy,1,0
3036,privacy,1,0
3037,privacy,1,0
3038,privacy,1,0
3039,privacy,0,0
3040,privacy,0,0
3041,privacy,0,0
3042,privacy,1,0
3043,privacy,1,0
3044,privacy,0,0
3045,privacy,1,0
3046,privacy,1,0
3047,privacy,1,1
3048,privacy,1,0
3049,privacy,1,0
3050,privacy,0,0
3051,privacy,1,0
3052,privacy,0,0
3053,privacy,0,0
3054,privacy,0,0
3055,privacy,1,0
3056,privacy,0,0
3057,privacy,1,1
3058,privacy,0,0
3059,privacy,0,0
3060,privacy,0,0
3061,privacy,0,0
3062,privacy,0,0
3063,privacy,1,0
3064,privacy,1,1
3065,privacy,1,1
3066,privacy,1,0
3067,privacy,0,0
3068,privacy,0,0
3069,privacy,1,0
3070,privacy,0,0
3071,privacy,0,0
3072,privacy,0,0
3073,privacy,0,0
3074,privacy,1,0
3075,privacy,1,0
3076,privacy,0,0
3077,privacy,1,1
3078,privacy,1,0
3079,privacy,0,0
3080,privacy,1,0
3081,privacy,0,0
3082,privacy,1,0
3083,privacy,0,0
3084,privacy,0,0
3085,privacy,0,0
3086,privacy,0,0
3087,privacy,0,0
3088,privacy,1,1
3089,privacy,1,0
3090,privacy,1,0
3091,privacy,1,0
3092,privacy,1,0
3093,privacy,0,0
3094,privacy,0,0
3095,privacy,0,0
3096,privacy,0,0
3097,privacy,1,1
3098,privacy,0,0
3099,privacy,1,1
3100,privacy,1,0
3101,privacy,0,0
3102,privacy,0,0
3103,privacy,0,0
3104,privacy,0,0
3105,privacy,0,0
3106,privacy,1,1
3107,privacy,0,0
3108,privacy,0,0
3109,privacy,0,0
3110,privacy,1,0
3111,privacy,1,0
3112,privacy,0,0
3113,privacy,0,0
3114,privacy,0,0
3115,privacy,0,0
3116,privacy,1,1
3117,privacy,0,0
3118,privacy,0,0
3119,privacy,1,1
3120,privacy,1,0
3121,privacy,1,1
3122,privacy,0,0
3123,privacy,0,0
3124,privacy,1,1
3125,privacy,0,0
3126,privacy,1,0
3127,privacy,1,0
3128,privacy,1,0
3129,privacy,1,0
3130,privacy,0,0
3131,privacy,0,0
3132,privacy,0,0
3133,privacy,0,0
3134,privacy,0,0
3135,privacy,1,0
3136,privacy,0,0
3137,privacy,1,0
3138,privacy,1,0
3139,privacy,1,0
3140,privacy,0,0
3141,privacy,1,1
3142,privacy,0,0
3143,privacy,1,0
3144,privacy,1,0
3145,privacy,0,0
3146,privacy,1,0
3147,privacy,1,0
3148,privacy,0,0
3149,privacy,0,0
3150,privacy,0,0
3151,privacy,0,0
3152,privacy,1,0
3153,privacy,0,0
3154,privacy,0,0
3155,privacy,1,1
3156,privacy,1,0
3157,privacy,0,0
3158,privacy,0,0
3159,privacy,0,0
3160,privacy,0,0
3161,privacy,1,0
3162,privacy,0,0
3163,privacy,0,0
3164,privacy,0,0
3165,privacy,1,1
3166,privacy,0,0
3167,privacy,0,0
3168,privacy,1,0
3169,privacy,0,0
3170,privacy,0,0
3171,privacy,0,0
3172,privacy,0,0
3173,privacy,0,0
3174,privacy,0,0
3175,privacy,0,0
3176,privacy,0,0
3177,privacy,1,0
3178,privacy,1,0
3179,privacy,0,0
3180,privacy,0,0
3181,privacy,0,0
3182,privacy,1,1
3183,privacy,1,0
3184,privacy,0,0
3185,privacy,0,0
3186,privacy,0,0
3187,privacy,0,0
3188,privacy,1,0
3189,privacy,1,0
3190,privacy,1,1
3191,privacy,1,0
3192,privacy,0,0
3193,privacy,0,0
3194,privacy,0,0
3195,privacy,0,0
3196,privacy,0,0
3197,privacy,0,0
3198,privacy,1,0
3199,privacy,0,0
3200,privacy,0,0
3201,privacy,0,0
3202,privacy,0,0
3203,privacy,1,0
3204,privacy,1,0
3205,privacy,1,0
3206,privacy,0,0
3207,privacy,0,0
3208,privacy,0,0
3209,privacy,1,0
3210,privacy,0,0
3211,privacy,0,0
3212,privacy,0,0
3213,privacy,0,0
3214,privacy,1,0
3215,privacy,1,1
3216,privacy,1,0
3217,privacy,0,0
3218,privacy,0,0
3219,privacy,1,0
3220,privacy,1,1
3221,privacy,0,0
3222,privacy,0,0
3223,privacy,0,0
3224,privacy,1,0
3225,privacy,1,0
3226,privacy,0,0
3227,privacy,0,0
3228,privacy,0,0
3229,privacy,1,0
3230,privacy,0,0
3231,privacy,0,0
3232,privacy,1,1
3233,privacy,1,0
3234,privacy,0,0
3235,privacy,0,0
3236,privacy,0,0
3237,privacy,0,0
3238,privacy,0,0
3239,privacy,0,0
3240,privacy,1,1
3241,privacy,0,0
3242,privacy,1,1
3243,privacy,1,0
3244,privacy,0,0
3245,privacy,1,1
3246,privacy,1,0
3247,privacy,0,0
3248,privacy,1,1
3249,privacy,0,0
3250,privacy,0,0
3251,privacy,1,0
3252,privacy,1,0
3253,privacy,0,0
3254,privacy,1,0
3255,privacy,0,0
3256,privacy,1,0
3257,privacy,0,0
3258,privacy,1,0
3259,privacy,0,0
3260,privacy,0,0
3261,privacy,1,0
3262,privacy,0,0
3263,privacy,0,0
3264,privacy,0,0
3265,privacy,0,0
3266,privacy,0,0
3267,privacy,0,0
3268,privacy,0,0
3269,privacy,0,0
3270,privacy,0,0
3271,privacy,1,0
3272,privacy,0,0
3273,privacy,1,0
3274,privacy,0,0
3275,privacy,0,0
3276,privacy,0,0
3277,privacy,0,0
3278,privacy,1,0
3279,privacy,0,0
3280,privacy,0,0
3281,privacy,1,1
3282,privacy,1,0
3283,privacy,0,0
3284,privacy,0,0
3285,privacy,1,0
3286,privacy,1,1
3287,privacy,0,0
3288,privacy,0,0
3289,privacy,0,0
3290,privacy,0,0
3291,privacy,0,0
3292,privacy,0,0
3293,privacy,1,1
3294,privacy,0,0
3295,privacy,0,0
3296,privacy,0,0
3297,privacy,1,1
3298,privacy,0,0
3299,privacy,0,0
3300,privacy,0,0
3301,privacy,0,0
3302,privacy,1,0
3303,privacy,0,0
3304,privacy,1,1
3305,privacy,1,0
3306,privacy,0,0
3307,privacy,0,0
3308,privacy,0,0
3309,privacy,1,0
3310,privacy,1,0
3311,privacy,1,0
3312,privacy,1,0
3313,privacy,1,0
3314,privacy,1,0
3315,privacy,0,0
3316,privacy,0,0
3317,privacy,1,1
3318,privacy,1,0
3319,privacy,0,0
3320,privacy,0,0
3321,privacy,0,0
3322,privacy,0,0
3323,privacy,1,0
3324,privacy,1,1
3325,privacy,1,0
3326,privacy,0,0
3327,privacy,0,0
3328,privacy,1,1
3329,privacy,0,0
3330,privacy,0,0
3331,privacy,0,0
3332,privacy,0,0
3333,privacy,1,1
3334,privacy,1,0
3335,privacy,1,0
3336,privacy,1,1
3337,privacy,1,0
3338,privacy,0,0
3339,privacy,1,1
3340,privacy,1,0
3341,privacy,1,0
3342,privacy,0,0
3343,privacy,1,1
3344,privacy,0,0
3345,privacy,0,0
3346,privacy,0,0
3347,privacy,0,0
3348,privacy,0,0
3349,privacy,1,0
3350,privacy,1,0
3351,privacy,0,0
3352,privacy,0,0
3353,privacy,0,0
3354,privacy,0,0
3355,privacy,0,0
3356,privacy,1,0
3357,privacy,0,0
3358,privacy,1,0
3359,privacy,1,0
3360,privacy,0,0
3361,privacy,1,0
3362,privacy,1,1
3363,privacy,1,0
3364,privacy,1,0
3365,privacy,0,0
3366,privacy,0,0
3367,privacy,0,0
3368,privacy,0,0
3369,privacy,0,0
3370,privacy,0,0
3371,privacy,0,0
3372,privacy,1,0
3373,privacy,0,0
3374,privacy,0,0
3375,privacy,0,0
3376,privacy,0,0
3377,privacy,0,0
3378,privacy,0,0
3379,privacy,1,1
3380,privacy,1,0
3381,privacy,0,0
3382,privacy,1,1
3383,privacy,1,0
3384,privacy,0,0
3385,privacy,1,1
3386,privacy,1,0
3387,privacy,1,0
3388,privacy,0,0
3389,privacy,0,0
3390,privacy,0,0
3391,privacy,0,0
3392,privacy,0,0
3393,privacy,0,0
3394,privacy,1,1
3395,privacy,0,0
3396,privacy,0,0
3397,privacy,0,0
3398,privacy,0,0
3399,privacy,0,0
3400,privacy,0,0
3401,privacy,1,1
3402,privacy,0,0
3403,privacy,0,0
3404,privacy,1,0
3405,privacy,0,0
3406,privacy,0,0
3407,privacy,0,0
3408,privacy,0,0
3409,privacy,0,0
3410,privacy,0,0
3411,privacy,0,0
3412,privacy,0,0
3413,privacy,0,0
3414,privacy,1,0
3415,privacy,0,0
3416,privacy,0,0
3417,privacy,0,0
3418,privacy,1,0
3419,privacy,1,0
3420,privacy,0,0
3421,privacy,1,0
3422,privacy,1,0
3423,privacy,0,0
3424,privacy,0,0
3425,privacy,1,1
3426,privacy,0,0
3427,privacy,1,0
3428,privacy,0,0
3429,privacy,1,1
3430,privacy,0,0
3431,privacy,1,0
3432,privacy,0,0
3433,privacy,1,0
3434,privacy,0,0
3435,privacy,0,0
3436,privacy,0,0
3437,privacy,0,0
3438,privacy,0,0
3439,privacy,1,0
3440,privacy,0,0
3441,privacy,1,0
3442,privacy,1,1
3443,privacy,1,0
3444,privacy,0,0
3445,privacy,0,0
3446,privacy,0,0
3447,privacy,0,0
3448,privacy,0,0
3449,privacy,1,0
3450,privacy,0,0
3451,privacy,0,0
3452,privacy,0,0
3453,privacy,0,0
3454,privacy,1,0
3455,privacy,0,0
3456,privacy,0,0
3457,privacy,0,0
3458,privacy,0,0
3459,privacy,0,0
3460,privacy,0,0
3461,privacy,1,1
3462,privacy,1,1
3463,privacy,1,0
3464,privacy,1,0
3465,privacy,0,0
3466,privacy,1,0
3467,privacy,0,0
3468,privacy,0,0
3469,privacy,0,0
3470,privacy,0,0
3471,privacy,1,0
3472,privacy,0,0
3473,privacy,1,0
3474,privacy,0,0
3475,privacy,1,0
3476,privacy,0,0
3477,privacy,1,1
3478,privacy,0,0
3479,privacy,0,0
3480,privacy,0,0
3481,privacy,0,0
3482,privacy,1,0
3483,privacy,1,0
3484,privacy,1,0
3485,privacy,1,1
3486,privacy,0,0
3487,privacy,0,0
3488,privacy,1,0
3489,privacy,0,0
3490,privacy,0,0
3491,privacy,0,0
3492,privacy,1,1
3493,privacy,0,0
3494,privacy,0,0
3495,privacy,1,0
3496,privacy,1,0
3497,privacy,0,0
3498,privacy,1,0
3499,privacy,1,0
3500,privacy,0,0
3501,privacy,0,0
3502,privacy,0,0
3503,privacy,0,0
3504,privacy,0,0
3505,privacy,0,0
3506,privacy,0,0
3507,privacy,0,0
3508,privacy,0,0
3509,privacy,0,0
3510,privacy,1,1
3511,privacy,1,0
3512,privacy,0,0
3513,privacy,1,0
3514,privacy,1,0
3515,privacy,0,0
3516,privacy,0,0
3517,privacy,1,0
3518,privacy,1,1
3519,privacy,0,0
3520,privacy,0,0
3521,privacy,0,0
3522,privacy,1,0
3523,privacy,0,0
3524,privacy,0,0
3525,privacy,1,1
3526,privacy,1,0
3527,privacy,0,0
3528,privacy,1,0
3529,privacy,0,0
3530,privacy,0,0
3531,privacy,1,0
3532,privacy,1,1
3533,privacy,1,1
3534,privacy,0,0
3535,privacy,1,0
3536,privacy,0,0
3537,privacy,1,1
3538,privacy,1,1
3539,privacy,1,0
3540,privacy,0,0
3541,privacy,0,0
3542,privacy,0,0
3543,privacy,0,0
3544,privacy,0,0
3545,privacy,1,1
3546,privacy,0,0
3547,privacy,0,0
3548,privacy,0,0
3549,privacy,1,1
3550,privacy,0,0
3551,privacy,0,0
3552,privacy,0,0
3553,privacy,0,0
3554,privacy,0,0
3555,privacy,1,0
3556,privacy,1,0
3557,privacy,0,0
3558,privacy,1,0
3559,privacy,0,0
3560,privacy,0,0
3561,privacy,0,0
3562,privacy,0,0
3563,privacy,0,0
3564,privacy,0,0
3565,privacy,0,0
3566,privacy,0,0
3567,privacy,0,0
3568,privacy,0,0
3569,privacy,0,0
3570,privacy,0,0
3571,privacy,1,0
3572,privacy,0,0
3573,privacy,1,0
3574,privacy,0,0
3575,privacy,0,0
3576,privacy,1,0
3577,privacy,1,0
3578,privacy,1,0
3579,privacy,0,0
3580,privacy,1,0
3581,privacy,1,0
3582,privacy,0,0
3583,privacy,0,0
3584,privacy,0,0
3585,privacy,0,0
3586,privacy,0,0
3587,privacy,0,0
3588,privacy,1,0
3589,privacy,1,0
3590,privacy,1,1
3591,privacy,1,1
3592,privacy,1,0
3593,privacy,1,0
3594,privacy,1,1
3595,privacy,1,1
3596,privacy,0,0
3597,privacy,1,1
3598,privacy,0,0
3599,privacy,0,0
3600,privacy,0,0
3601,privacy,1,0
3602,privacy,0,0
3603,privacy,0,0
3604,privacy,0,0
3605,privacy,1,0
3606,privacy,1,1
3607,privacy,0,0
3608,privacy,0,0
3609,privacy,1,0
3610,privacy,0,0
3611,privacy,0,0
3612,privacy,0,0
3613,privacy,0,0
3614,privacy,0,0
3615,privacy,0,0
3616,privacy,0,0
3617,privacy,0,0
3618,privacy,0,0
3619,privacy,1,0
3620,privacy,0,0
3621,privacy,1,0
3622,privacy,1,0
3623,privacy,0,0
3624,privacy,0,0
3625,privacy,0,0
3626,privacy,0,0
3627,privacy,0,0
3628,privacy,0,0
3629,privacy,0,0
3630,privacy,1,0
3631,privacy,1,0
3632,privacy,1,0
3633,privacy,0,0
3634,privacy,0,0
3635,privacy,0,0
3636,privacy,1,1
3637,privacy,0,0
3638,privacy,1,0
3639,privacy,1,0
3640,privacy,0,0
3641,privacy,1,0
3642,privacy,1,0
3643,privacy,0,0
3644,privacy,0,0
3645,privacy,0,0
3646,privacy,0,0
3647,privacy,1,0
3648,privacy,0,0
3649,privacy,0,0
3650,privacy,1,1
3651,privacy,1,0
3652,privacy,0,0
3653,privacy,0,0
3654,privacy,0,0
3655,privacy,1,1
3656,privacy,0,0
3657,privacy,0,0
3658,privacy,1,0
3659,privacy,1,1
3660,privacy,0,0
3661,privacy,0,0
3662,privacy,0,0
3663,privacy,1,0
3664,privacy,0,0
3665,privacy,1,0
3666,privacy,0,0
3667,privacy,0,0
3668,privacy,1,1
3669,privacy,1,0
3670,privacy,0,0
3671,privacy,0,0
3672,privacy,0,0
3673,privacy,0,0
3674,privacy,0,0
3675,privacy,1,1
3676,privacy,1,0
3677,privacy,0,0
3678,privacy,0,0
3679,privacy,1,0
3680,privacy,0,0
3681,privacy,1,0
3682,privacy,1,0
3683,privacy,0,0
3684,privacy,1,0
3685,privacy,0,0
3686,privacy,1,1
3687,privacy,1,0
3688,privacy,1,0
3689,privacy,0,0
3690,privacy,0,0
3691,privacy,1,0
3692,privacy,1,0
3693,privacy,0,0
3694,privacy,1,1
3695,privacy,0,0
3696,privacy,0,0
3697,privacy,1,0
3698,privacy,0,0
3699,privacy,0,0
3700,privacy,0,0
3701,privacy,0,0
3702,privacy,1,0
3703,privacy,0,0
3704,privacy,1,0
3705,privacy,1,1
3706,privacy,1,0
3707,privacy,1,0
3708,privacy,1,0
3709,privacy,1,0
3710,privacy,0,0
3711,privacy,0,0
3712,privacy,0,0
3713,privacy,1,0
3714,privacy,0,0
3715,privacy,1,0
3716,privacy,1,0
3717,privacy,0,0
3718,privacy,1,0
3719,privacy,1,0
3720,privacy,0,0
3721,privacy,0,0
3722,privacy,1,0
3723,privacy,1,0
3724,privacy,1,0
3725,privacy,1,1
3726,privacy,1,0
3727,privacy,0,0
3728,privacy,1,0
3729,privacy,0,0
3730,privacy,0,0
3731,privacy,1,0
3732,privacy,1,1
3733,privacy,0,0
3734,privacy,1,1
3735,privacy,1,1
3736,privacy,0,0
3737,privacy,0,0
3738,privacy,0,0
3739,privacy,0,0
3740,privacy,0,0
3741,privacy,1,0
3742,privacy,1,0
3743,privacy,1,0
3744,privacy,0,0
3745,privacy,1,1
3746,privacy,0,0
3747,privacy,1,0
3748,privacy,0,0
3749,privacy,1,1
3750,privacy,0,0
3751,privacy,1,1
3752,privacy,1,1
3753,privacy,0,0
3754,privacy,0,0
3755,privacy,1,1
3756,privacy,0,0
3757,privacy,0,0
3758,privacy,1,1
3759,privacy,0,0
3760,privacy,0,0
3761,privacy,0,0
3762,privacy,1,1
3763,privacy,0,0
3764,privacy,1,1
3765,privacy,0,0
3766,privacy,1,1
3767,privacy,1,1
3768,privacy,1,1
3769,privacy,1,1
3770,privacy,1,1
3771,privacy,1,1
3772,privacy,1,1
3773,privacy,0,0
3774,privacy,0,0
3775,privacy,1,1
3776,privacy,0,0
3777,privacy,1,1
3778,privacy,1,1
3779,privacy,1,1
3780,privacy,0,0
3781,privacy,1,1
3782,privacy,1,1
3783,privacy,1,1
3784,privacy,1,0
3785,privacy,0,0
3786,privacy,1,0
3787,privacy,0,0
3788,privacy,1,1
3789,privacy,1,1
3790,privacy,1,0
3791,privacy,1,0
3792,privacy,0,0
3793,privacy,1,0
3794,privacy,1,0
3795,privacy,1,0
3796,privacy,1,1
3797,privacy,1,1
3798,privacy,1,0
3799,privacy,1,0
3800,privacy,0,0
3801,privacy,0,0
3802,privacy,1,1
3803,privacy,1,1
3804,privacy,1,1
3805,privacy,1,0
3806,privacy,0,0
3807,privacy,0,0
3808,privacy,1,0
3809,privacy,1,1
3810,privacy,1,0
3811,privacy,1,0
3812,privacy,0,0
3813,privacy,1,1
3814,privacy,0,0
3815,privacy,1,1
3816,privacy,0,0
3817,privacy,1,1
3818,privacy,0,0
3819,privacy,1,0
3820,privacy,1,0
3821,privacy,1,0
3822,privacy,0,0
3823,privacy,1,0
3824,privacy,1,1
3825,privacy,0,0
3826,privacy,1,0
3827,privacy,1,1
3828,privacy,1,0
3829,privacy,1,1
3830,privacy,1,0
3831,privacy,1,0
3832,privacy,1,1
3833,privacy,0,0
3834,privacy,1,0
3835,privacy,1,0
3836,privacy,1,1
3837,privacy,1,1
3838,privacy,0,0
3839,privacy,1,1
3840,privacy,1,1
3841,privacy,1,1
3842,privacy,0,0
3843,privacy,0,0
3844,privacy,0,0
3845,privacy,0,0
3846,privacy,1,0
3847,privacy,1,0
3848,privacy,1,1
3849,privacy,0,0
3850,privacy,1,0
3851,privacy,0,0
3852,privacy,1,0
3853,privacy,1,0
3854,privacy,1,1
3855,privacy,1,1
3856,privacy,1,1
3857,privacy,1,1
3858,privacy,1,1
3859,privacy,1,0
3860,privacy,1,0
3861,privacy,1,0
3862,privacy,1,0
3863,privacy,1,0
3864,privacy,1,0
3865,privacy,1,0
3866,privacy,1,1
3867,privacy,0,0
3868,privacy,1,1
3869,privacy,1,0
3870,privacy,0,0
3871,privacy,0,0
3872,privacy,0,0
3873,privacy,1,0
3874,privacy,1,1
3875,privacy,1,1
3876,privacy,0,0
3877,privacy,0,0
3878,privacy,1,1
3879,privacy,1,0
3880,privacy,0,0
3881,privacy,1,1
3882,privacy,0,0
3883,privacy,0,0
3884,privacy,1,0
3885,privacy,1,1
3886,privacy,1,0
3887,privacy,1,1
3888,privacy,1,1
3889,privacy,1,1
3890,privacy,0,0
3891,privacy,1,1
3892,privacy,0,0
3893,privacy,0,0
3894,privacy,1,0
3895,privacy,1,0
3896,privacy,1,0
3897,privacy,1,0
3898,privacy,1,0
3899,privacy,1,0
3900,privacy,0,0
3901,privacy,1,1
3902,privacy,1,0
3903,privacy,1,1
3904,privacy,0,0
3905,privacy,1,0
3906,privacy,0,0
3907,privacy,1,1
3908,privacy,1,1
3909,privacy,0,0
3910,privacy,0,0
3911,privacy,1,1
3912,privacy,1,1
3913,privacy,0,0
3914,privacy,0,0
3915,privacy,1,0
3916,privacy,1,1
3917,privacy,0,0
3918,privacy,1,1
3919,privacy,0,0
3920,privacy,1,1
3921,privacy,0,0
3922,privacy,1,1
3923,privacy,1,1
3924,privacy,0,0
3925,privacy,1,1
3926,privacy,1,0
3927,privacy,0,0
3928,privacy,1,0
3929,privacy,1,0
3930,privacy,1,1
3931,privacy,1,1
3932,privacy,1,0
3933,privacy,1,0
3934,privacy,1,0
3935,privacy,1,0
3936,privacy,0,0
3937,privacy,1,1
3938,privacy,0,0
3939,privacy,1,1
3940,privacy,1,0
3941,privacy,0,0
3942,privacy,0,0
3943,privacy,1,0
3944,privacy,1,1
3945,privacy,0,0
3946,privacy,1,0
3947,privacy,0,0
3948,privacy,1,0
3949,privacy,1,0
3950,privacy,1,1
3951,privacy,1,1
3952,privacy,1,0
3953,privacy,0,0
3954,privacy,1,1
3955,privacy,0,0
3956,privacy,1,1
3957,privacy,0,0
3958,privacy,1,0
3959,privacy,1,1
3960,privacy,1,0
3961,privacy,0,0
3962,privacy,1,0
3963,privacy,1,0
3964,privacy,0,0
3965,privacy,1,1
3966,privacy,1,0
3967,privacy,1,0
3968,privacy,1,1
3969,privacy,1,1
3970,privacy,1,0
3971,privacy,0,0
3972,privacy,0,0
3973,privacy,1,0
3974,privacy,0,0
3975,privacy,0,0
3976,privacy,1,1
3977,privacy,0,0
3978,privacy,0,0
3979,privacy,0,0
3980,privacy,1,0
3981,privacy,1,0
3982,privacy,0,0
3983,privacy,1,0
3984,privacy,1,1
3985,privacy,1,1
3986,privacy,1,1
3987,privacy,1,1
3988,privacy,0,0
3989,privacy,0,0
3990,privacy,1,1
3991,privacy,0,0
3992,privacy,0,0
3993,privacy,1,1
3994,privacy,1,0
3995,privacy,0,0
3996,privacy,0,0
3997,privacy,0,0
3998,privacy,0,0
3999,privacy,1,0
4000,privacy,1,1
4001,privacy,1,1
4002,privacy,1,1
4003,privacy,1,1
4004,privacy,1,1
4005,privacy,0,0
4006,privacy,1,1
4007,privacy,0,0
4008,privacy,0,0
4009,privacy,1,1
4010,privacy,0,0
4011,privacy,0,0
4012,privacy,0,0
4013,privacy,0,0
4014,privacy,0,0
4015,privacy,1,0
4016,privacy,1,1
4017,privacy,1,1
4018,privacy,1,0
4019,privacy,0,0
4020,privacy,1,1
4021,privacy,0,0
4022,privacy,1,0
4023,privacy,1,0
4024,privacy,1,1
4025,privacy,1,1
4026,privacy,0,0
4027,privacy,1,1
4028,privacy,1,1
4029,privacy,0,0
4030,privacy,1,0
4031,privacy,1,1
4032,privacy,1,1
4033,privacy,1,1
4034,privacy,1,0
4035,privacy,1,0
4036,privacy,1,1
4037,privacy,1,1
4038,privacy,1,1
4039,privacy,1,1
4040,privacy,0,0
4041,privacy,0,0
4042,privacy,0,0
4043,privacy,0,0
4044,privacy,1,1
4045,privacy,1,0
4046,privacy,0,0
4047,privacy,1,1
4048,privacy,0,0
4049,privacy,0,0
4050,privacy,0,0
4051,privacy,0,0
4052,privacy,0,0
4053,privacy,1,1
4054,privacy,1,0
4055,privacy,0,0
4056,privacy,0,0
4057,privacy,1,1
4058,privacy,0,0
4059,privacy,1,0
4060,privacy,1,0
4061,privacy,0,0
4062,privacy,1,1
4063,privacy,0,0
4064,privacy,0,0
4065,privacy,1,1
4066,privacy,1,0
4067,privacy,1,0
4068,privacy,1,0
4069,privacy,0,0
4070,privacy,1,0
4071,privacy,1,1
4072,privacy,1,1
4073,privacy,1,0
4074,privacy,0,0
4075,privacy,1,0
4076,privacy,0,0
4077,privacy,1,0
4078,privacy,1,0
4079,privacy,1,1
4080,privacy,0,0
4081,privacy,1,0
4082,privacy,0,0
4083,privacy,0,0
4084,privacy,0,0
4085,privacy,1,1
4086,privacy,1,1
4087,privacy,1,1
4088,privacy,1,1
4089,privacy,0,0
4090,privacy,1,1
4091,privacy,0,0
4092,privacy,0,0
4093,privacy,0,0
4094,privacy,1,1
4095,privacy,0,0
4096,privacy,0,0
4097,privacy,1,1
4098,privacy,1,1
4099,privacy,0,0
4100,privacy,1,0
4101,privacy,1,0
4102,privacy,0,0
4103,privacy,0,0
4104,privacy,0,0
4105,privacy,1,1
4106,privacy,1,1
4107,privacy,1,1
4108,privacy,1,1
4109,privacy,0,0
4110,privacy,0,0
4111,privacy,0,0
4112,privacy,1,0
4113,privacy,1,0
4114,privacy,1,1
4115,privacy,1,1
4116,privacy,1,0
4117,privacy,1,0
4118,privacy,1,0
4119,privacy,1,0
4120,privacy,1,1
4121,privacy,1,0
4122,privacy,0,0
4123,privacy,1,1
4124,privacy,1,0
4125,privacy,1,0
4126,privacy,0,0
4127,privacy,1,0
4128,privacy,1,1
4129,privacy,1,1
4130,privacy,0,0
4131,privacy,1,1
4132,privacy,0,0
4133,privacy,0,0
4134,privacy,0,0
4135,privacy,1,0
4136,privacy,0,0
4137,privacy,0,0
4138,privacy,1,0
4139,privacy,1,1
4140,privacy,1,0
4141,privacy,0,0
4142,privacy,0,0
4143,privacy,1,1
4144,privacy,0,0
4145,privacy,1,1
4146,privacy,1,1
4147,privacy,0,0
4148,privacy,0,0
4149,privacy,0,0
4150,privacy,0,0
4151,privacy,1,0
4152,privacy,0,0
4153,privacy,1,1
4154,privacy,1,1
4155,privacy,0,0
4156,privacy,0,0
4157,privacy,1,1
4158,privacy,1,1
4159,privacy,0,0
4160,privacy,1,1
4161,privacy,1,1
4162,privacy,1,1
4163,privacy,1,1
4164,privacy,1,1
4165,privacy,1,0
4166,privacy,1,0
4167,privacy,0,0
4168,privacy,1,1
4169,privacy,0,0
4170,privacy,1,1
4171,privacy,1,0
4172,privacy,1,0
4173,privacy,1,1
4174,privacy,1,0
4175,privacy,0,0
4176,privacy,1,0
4177,privacy,0,0
4178,privacy,1,0
4179,privacy,0,0
4180,privacy,1,0
4181,privacy,1,0
4182,privacy,1,1
4183,privacy,0,0
4184,privacy,0,0
4185,privacy,1,0
4186,privacy,0,0
4187,privacy,0,0
4188,privacy,0,0
4189,privacy,1,1
4190,privacy,1,1
4191,privacy,1,0
4192,privacy,0,0
4193,privacy,1,1
4194,privacy,1,1
4195,privacy,1,1
4196,privacy,1,1
4197,privacy,1,0
4198,privacy,1,1
4199,privacy,0,0
4200,privacy,1,1
4201,privacy,1,0
4202,privacy,1,1
4203,privacy,0,0
4204,privacy,0,0
4205,privacy,1,1
4206,privacy,1,1
4207,privacy,1,1
4208,privacy,1,1
4209,privacy,1,0
4210,privacy,0,0
4211,privacy,1,0
4212,privacy,1,0
4213,privacy,1,0
4214,privacy,0,0
4215,privacy,0,0
4216,privacy,1,1
4217,privacy,0,0
4218,privacy,1,1
4219,privacy,0,0
4220,privacy,0,0
4221,privacy,0,0
4222,privacy,0,0
4223,privacy,0,0
4224,privacy,1,1
4225,privacy,0,0
4226,privacy,0,0
4227,privacy,0,0
4228,privacy,1,1
4229,privacy,1,0
4230,privacy,0,0
4231,privacy,1,1
4232,privacy,0,0
4233,privacy,0,0
4234,privacy,0,0
4235,privacy,1,1
4236,privacy,1,1
4237,privacy,1,1
4238,privacy,1,0
4239,privacy,1,0
4240,privacy,0,0
4241,privacy,1,1
4242,privacy,0,0
4243,privacy,0,0
4244,privacy,1,1
4245,privacy,0,0
4246,privacy,1,1
4247,privacy,1,1
4248,privacy,0,0
4249,privacy,1,1
4250,privacy,0,0
4251,privacy,1,0
4252,privacy,0,0
4253,privacy,1,1
4254,privacy,1,0
4255,privacy,1,0
4256,privacy,0,0
4257,privacy,0,0
4258,privacy,1,0
4259,privacy,1,0
4260,privacy,1,1
4261,privacy,0,0
4262,privacy,1,1
4263,privacy,1,0
4264,privacy,1,0
4265,privacy,1,1
4266,privacy,1,0
4267,privacy,0,0
4268,privacy,1,0
4269,privacy,1,0
4270,privacy,1,1
4271,privacy,1,0
4272,privacy,1,1
4273,privacy,0,0
4274,privacy,0,0
4275,privacy,0,0
4276,privacy,0,0
4277,privacy,0,0
4278,privacy,1,1
4279,privacy,1,0
4280,privacy,1,1
4281,privacy,0,0
4282,privacy,1,1
4283,privacy,1,0
4284,privacy,1,1
4285,privacy,1,0
4286,privacy,0,0
4287,privacy,1,0
4288,privacy,0,0
4289,privacy,1,1
4290,privacy,1,1
4291,PrivateInternetAccess,0,0
4292,PrivateInternetAccess,1,0
4293,PrivateInternetAccess,1,0
4294,PrivateInternetAccess,1,0
4295,PrivateInternetAccess,1,0
4296,PrivateInternetAccess,0,0
4297,PrivateInternetAccess,0,0
4298,PrivateInternetAccess,0,0
4299,PrivateInternetAccess,0,0
4300,PrivateInternetAccess,0,0
4301,PrivateInternetAccess,0,0
4302,PrivateInternetAccess,0,0
4303,PrivateInternetAccess,0,0
4304,PrivateInternetAccess,0,0
4305,PrivateInternetAccess,1,0
4306,PrivateInternetAccess,0,0
4307,PrivateInternetAccess,0,0
4308,PrivateInternetAccess,0,0
4309,PrivateInternetAccess,0,0
4310,PrivateInternetAccess,0,0
4311,PrivateInternetAccess,0,0
4312,PrivateInternetAccess,0,0
4313,PrivateInternetAccess,1,1
4314,PrivateInternetAccess,0,0
4315,PrivateInternetAccess,0,0
4316,PrivateInternetAccess,1,0
4317,ProtonVPN,0,0
4318,ProtonVPN,0,0
4319,ProtonVPN,0,0
4320,ProtonVPN,0,0
4321,ProtonVPN,0,0
4322,ProtonVPN,0,0
4323,ProtonVPN,0,0
4324,ProtonVPN,0,0
4325,ProtonVPN,0,0
4326,ProtonVPN,0,0
4327,ProtonVPN,0,0
4328,ProtonVPN,0,0
4329,ProtonVPN,1,1
4330,ProtonVPN,0,0
4331,ProtonVPN,0,0
4332,ProtonVPN,0,0
4333,ProtonVPN,0,0
4334,ProtonVPN,1,1
4335,ProtonVPN,1,1
4336,ProtonVPN,1,0
4337,ProtonVPN,1,0
4338,ProtonVPN,1,0
4339,ProtonVPN,1,0
4340,ProtonVPN,1,1
4341,ProtonVPN,1,0
4342,ProtonVPN,1,0
4343,ProtonVPN,1,0
4344,ProtonVPN,1,1
4345,ProtonVPN,1,1
4346,ProtonVPN,1,1
4347,ProtonVPN,0,0
4348,ProtonVPN,0,0
4349,ProtonVPN,1,0
4350,ProtonVPN,1,1
4351,ProtonVPN,1,1
4352,ProtonVPN,0,0
4353,ProtonVPN,1,1
4354,ProtonVPN,1,1
4355,ProtonVPN,1,0
4356,ProtonVPN,1,1
4357,Surfshark,0,0
4358,Surfshark,0,0
4359,Surfshark,0,0
4360,Surfshark,0,0
4361,VPN,0,0
4362,VPN,0,0
4363,VPN,0,0
4364,VPN,0,0
4365,VPN,1,0
4366,VPN,0,0
4367,VPN,0,0
4368,VPN,0,0
4369,VPN,0,0
4370,VPN,0,0
4371,VPN,0,0
4372,VPN,0,0
4373,VPN,0,0
4374,VPN,0,0
4375,VPN,0,0
4376,VPN,1,1
4377,VPN,0,0
4378,VPN,1,1
4379,VPN,1,0
4380,VPN,0,0
4381,VPN,0,0
4382,VPN,0,0
4383,VPN,0,0
4384,VPN,0,0
4385,VPN,0,0
4386,VPN,0,0
4387,VPN,0,0
4388,VPN,0,0
4389,VPN,1,1
4390,VPN,1,1
4391,VPN,0,0
4392,VPN,1,1
4393,VPN,0,0
4394,VPN,1,0
4395,VPN,0,0
4396,VPN,0,0
4397,VPN,1,1
4398,VPN,1,0
4399,VPN,1,0
4400,VPN,0,0
4401,Windscribe,0,0
4402,Windscribe,0,0
4403,Windscribe,0,0
4404,Windscribe,1,0
4405,Windscribe,1,0
4406,Windscribe,0,0
4407,Windscribe,0,0
4408,Windscribe,1,0
4409,Windscribe,0,0
4410,Windscribe,0,0
4411,Windscribe,1,1
4412,Windscribe,0,0
